session,time,GPS Longitude,GPS Latitude,GPS Speed,GPS Bearing,k2241a3,k228334,k22242c,k2241b6,k2241b4,k222414,ke16f08,ke3f60e,k222885,k15b,k221942,k22c218,kea5b10,k22000d
1524876248474,1524876258571,-121.95512528,38.36213358,0.0,0.0,60.566666,31.37255,5080.0,0.0,0.0,0.0,0.0,NaN,2.42,34.901962,0.0,3.6036682,1.56,0.0
1524876248474,1524876259559,-121.95505758,38.36211385,0.0,0.0,60.566666,31.37255,5020.0,0.0,0.0,0.0,0.0,NaN,2.87,34.901962,0.0,3.6036682,1.56,0.0
1524876248474,1524876260560,-121.95503906,38.36212461,0.0,0.0,60.566666,31.37255,5020.0,0.0,0.0,3.6,1.2443041,Infinity,345.64,34.901962,0.0,3.6036682,1.56,0.0
1524876248474,1524876261559,-121.95501365,38.36212388,0.0,0.0,60.566666,31.37255,4188.0,0.0,0.0,2.4,0.82915205,Infinity,345.48,34.901962,0.0,3.6023712,1.56,0.0
1524876248474,1524876262559,-121.95501918,38.36212914,0.0,0.0,60.566666,31.37255,2872.0,0.0,0.0,2.4,0.828792,Infinity,345.33,34.901962,0.0,3.6023712,1.56,0.0
1524876248474,1524876263560,-121.95500925,38.36213585,0.0,0.0,60.566666,31.37255,2216.0,0.0,0.0,2.4,0.8292,Infinity,345.5,34.901962,0.0,3.6023712,1.56,0.0
1524876248474,1524876264559,-121.95500081,38.36213708,0.0,0.0,60.566666,31.37255,2216.0,0.0,0.0,2.1,0.72586495,Infinity,345.65,34.901962,8.125,3.6023712,1.56,0.0
1524876248474,1524876265559,-121.95500161,38.36213562,0.0,0.0,60.566666,31.37255,300.0,0.0,0.0,3.3,1.140084,Infinity,345.48,34.901962,8.375,3.6023712,1.56,0.0
1524876248474,1524876266559,-121.95500005,38.36213576,0.0,0.0,60.566666,31.37255,100.0,0.0,0.0,4.2,1.4517299,Infinity,345.65,34.901962,50.625,3.6023712,1.56,0.0
1524876248474,1524876267559,-121.95499676,38.3621342,0.0,0.0,60.566666,31.37255,100.0,0.0,0.0,3.9,1.348035,Infinity,345.65,34.901962,56.75,3.6023712,1.56,0.0
1524876248474,1524876268559,-121.95499052,38.36212886,0.0,0.0,60.566666,31.37255,100.0,0.0,0.0,3.6,1.2431879,Infinity,345.33,34.901962,47.5,3.6030579,1.56,0.0
1524876248474,1524876269559,-121.95499165,38.36212984,0.0,0.0,60.566666,31.37255,100.0,0.0,0.0,3.6,1.2431879,Infinity,345.33,34.901962,47.5,3.6030579,1.56,0.0
1524876248474,1524876270559,-121.95499155,38.36212975,0.0,0.0,60.566666,31.37255,100.0,0.0,0.0,3.6,1.2426479,Infinity,345.18,34.901962,50.125,3.5993195,1.56,0.0
1524876248474,1524876271559,-121.95498634,38.36212719,0.0,0.0,60.566666,31.37255,100.0,0.0,0.0,3.6,1.139523,Infinity,345.31,34.901962,51.875,3.5980225,1.56,0.0
1524876248474,1524876272559,-121.95497977,38.36212725,0.0,0.0,60.566666,31.37255,100.0,0.0,0.0,3.6,1.2426479,Infinity,345.18,34.901962,73.0,3.6017609,1.56,0.0
1524876248474,1524876273560,-121.954979,38.36212697,0.0,0.0,60.566666,31.37255,100.0,0.0,0.0,3.6,1.2426479,Infinity,345.18,34.901962,103.375,3.6017609,1.56,0.0
1524876248474,1524876274560,-121.95498029,38.36212701,0.0,0.0,60.566666,31.37255,100.0,0.0,0.0,3.6,1.2426479,Infinity,345.18,34.901962,103.375,3.6023712,1.56,0.0
1524876248474,1524876275559,-121.9549798,38.36212654,0.0,0.0,60.566666,31.37255,100.0,0.0,0.0,3.9,1.346787,1084.1636,345.33,34.901962,144.0,3.5986328,1.56,1.242236
1524876248474,1524876276559,-121.95497987,38.36212661,0.0,0.0,60.566666,31.37255,100.0,0.0,0.0,3.6,1.24434,1001.69366,345.65,34.901962,161.25,3.6005402,1.56,1.242236
1524876248474,1524876277560,-121.95497724,38.36212964,0.0,0.0,60.566666,31.37255,224.0,0.0,0.0,2.7,0.9332281,Infinity,345.64,34.901962,81.25,3.6023712,1.56,0.0
1524876248474,1524876278559,-121.95497225,38.36213521,0.0,0.0,60.566666,31.37255,100.0,0.0,0.0,3.3,1.139589,Infinity,345.33,34.901962,88.5,3.6023712,1.56,0.0
1524876248474,1524876279559,-121.95497239,38.36213518,0.0,0.0,60.566666,31.37255,100.0,0.0,0.0,3.6,1.2431879,Infinity,345.33,34.901962,83.125,3.5986328,1.56,0.0
1524876248474,1524876280560,-121.95497245,38.36213525,0.0,0.0,60.566666,31.37255,100.0,0.0,0.0,3.9,1.346787,Infinity,345.81,34.901962,83.125,3.5986328,1.56,0.0
1524876248474,1524876281559,-121.9549727,38.36213509,0.0,0.0,60.566666,31.37255,100.0,0.0,0.0,3.9,1.348659,Infinity,345.81,34.901962,88.875,3.5980225,1.56,0.0
1524876248474,1524876282559,-121.95497273,38.36213492,0.0,0.0,60.566666,31.37255,100.0,0.0,0.0,3.9,1.347372,Infinity,345.48,34.901962,110.5,3.5986328,1.56,0.0
1524876248474,1524876283559,-121.95497338,38.36213435,0.0,0.0,60.566666,31.37255,100.0,0.0,0.0,3.6,1.245492,Infinity,345.97,34.901962,100.125,3.5980225,1.56,0.0
1524876248474,1524876284559,-121.9549717,38.36213592,0.0,0.0,60.566666,31.37255,100.0,0.0,0.0,3.3,1.1406449,Infinity,345.65,34.901962,81.5,3.5980225,1.56,0.0
1524876248474,1524876285560,-121.95497676,38.36213772,0.0,0.0,60.566666,31.37255,100.0,0.0,0.0,3.6,1.241964,Infinity,344.99,34.901962,57.75,3.6023712,1.56,0.0
1524876248474,1524876286559,-121.95497685,38.3621381,0.0,0.0,60.566666,31.37255,1300.0,0.0,0.0,1.5,0.51873,Infinity,345.82,34.901962,9.875,3.6017609,1.56,0.0
1524876248474,1524876287560,-121.95508751,38.36226628,0.0,0.0,60.566666,31.37255,1228.0,0.0,0.0,2.7,0.93285,Infinity,345.5,34.901962,0.5,3.6011505,1.56,0.0
1524876248474,1524876288559,-121.95508751,38.36226628,0.0,0.0,60.566666,31.37255,740.0,0.0,0.0,2.4,0.829944,Infinity,345.81,34.901962,9.0,3.6011505,1.56,0.0
1524876248474,1524876289559,-121.95508747,38.36225317,1.08,135.4,60.566666,31.37255,0.0,0.0,0.0,2.4,0.829944,Infinity,345.81,34.901962,9.0,3.6011505,1.56,0.0
1524876248474,1524876290560,-121.95497689,38.36213816,0.0,0.0,60.566666,31.37255,0.0,0.0,0.0,3.9,1.346865,Infinity,345.35,34.901962,96.5,3.6023712,1.56,0.0
1524876248474,1524876291559,-121.95497555,38.36213861,0.0,0.0,60.566666,31.37255,0.0,0.0,0.0,3.3,1.141107,Infinity,345.79,34.901962,48.5,3.6023712,1.56,0.0
1524876248474,1524876292559,-121.95496941,38.36213863,0.0,0.0,60.566666,31.37255,0.0,0.0,0.0,2.4,0.8292,Infinity,345.5,34.901962,20.75,3.6017609,1.56,0.0
1524876248474,1524876293559,-121.95495291,38.36213901,0.0,0.0,60.566666,31.37255,0.0,0.0,0.0,11.4,3.927756,1264.7374,344.54,34.901962,250.25,3.6036682,1.56,3.10559
1524876248474,1524876294560,-121.95495533,38.3621391,0.0,0.0,60.566666,31.37255,0.0,0.0,0.0,18.9,6.508971,2095.8887,344.39,34.901962,571.125,3.591156,1.56,3.10559
1524876248474,1524876295559,-121.95495656,38.36213878,0.0,0.0,60.566666,31.37255,0.0,0.0,0.0,3.0,1.03605,166.80405,345.35,34.901962,672.25,3.591156,1.56,6.21118
1524876248474,1524876296559,-121.9549644,38.36213935,0.0,0.0,60.566666,31.37255,0.0,0.0,0.0,14.1,4.8536434,710.39685,344.23,34.901962,763.875,3.5936737,1.56,6.8322983
1524876248474,1524876297559,-121.95496671,38.36213937,0.0,0.0,60.566666,31.37255,0.0,0.0,0.0,21.0,7.2288303,895.2628,344.23,34.901962,919.125,3.591156,1.56,8.074534
1524876248474,1524876298559,-121.95496871,38.36213906,0.0,0.0,60.566666,31.37255,0.0,0.0,0.0,19.5,6.71853,676.0521,344.54,34.901962,919.125,3.591156,1.56,9.937888
1524876248474,1524876299559,-121.95516587,38.36206088,17.064,230.2,60.566666,31.37255,0.0,0.0,0.0,19.5,6.71853,600.9352,344.54,34.901962,1061.625,3.5905457,1.56,11.180124
1524876248474,1524876300560,-121.95521064,38.36202906,18.324,227.3,60.566666,31.37255,0.0,0.0,0.0,10.2,3.5240998,298.6211,345.5,34.901962,1127.5,3.5948944,1.56,11.801242
1524876248474,1524876301559,-121.95525584,38.36200076,18.756,226.0,60.566666,31.37255,0.0,0.0,0.0,2.7,0.93285,83.43825,345.5,34.901962,1119.375,3.5993195,1.56,11.180124
1524876248474,1524876302560,-121.95529411,38.36196939,18.504,226.8,60.566666,31.37255,0.0,0.0,0.0,6.3,2.178603,194.86394,345.81,34.901962,1079.125,3.5968018,1.56,11.180124
1524876248474,1524876303559,-121.95533706,38.36193765,18.504,226.8,60.566666,31.37255,0.0,0.0,0.0,-2.95,-1.0200806,-96.60763,345.79,34.901962,1060.5,3.6042786,1.56,10.559006
1524876248474,1524876304560,-121.95534901,38.3619334,6.0119996,221.0,60.566666,31.37255,0.0,0.0,0.0,-1.45,-0.501642,-50.477726,345.96,34.901962,1009.0,3.6023712,1.56,9.937888
1524876248474,1524876305559,-121.95535766,38.36192749,7.5959992,223.1,60.566666,31.37255,0.0,0.0,0.0,-0.85,-0.2939045,-29.57414,345.77,34.901962,942.25,3.6017609,1.56,9.937888
1524876248474,1524876306562,-121.95538332,38.36190572,15.587999,219.0,60.566666,31.37255,0.0,0.0,0.0,3.0,1.03644,111.24456,345.48,34.901962,919.5,3.5999298,1.56,9.316771
1524876248474,1524876307559,-121.95542727,38.36187283,17.171999,222.2,60.566666,31.37255,0.0,0.0,0.0,-8.35,-2.8950286,-310.73306,346.71,34.901962,820.5,3.6005402,1.56,9.316771
1524876248474,1524876308559,-121.95551615,38.36183198,15.84,228.0,60.566666,31.37255,0.0,0.0,0.0,-2.35,-0.81227744,-100.597435,345.65,34.901962,820.5,3.6005402,1.56,8.074534
1524876248474,1524876309559,-121.95557601,38.36180161,11.448,227.7,60.566666,31.37255,0.0,0.0,0.0,-2.35,-0.81227744,-118.88788,345.65,34.901962,679.125,3.6054993,1.56,6.8322983
1524876248474,1524876310559,-121.95560233,38.36177509,11.987999,225.0,60.566666,31.37255,0.0,0.0,0.0,23.7,8.162755,876.1357,344.42,34.901962,820.75,3.5886383,1.56,9.316771
1524876248474,1524876311559,-121.9556499,38.36177185,14.58,252.5,60.566666,31.37255,0.0,0.0,0.0,37.8,12.958973,1098.1024,342.83,34.901962,1087.75,3.5792542,1.56,11.801242
1524876248474,1524876312560,-121.95571246,38.36174966,20.664,242.9,60.566666,31.37255,0.0,0.0,0.0,37.2,12.746952,892.2867,342.66,34.901962,1325.625,3.5768127,1.56,14.285714
1524876248474,1524876313559,-121.95574136,38.36169802,23.22,228.5,60.566666,31.37255,0.0,0.0,0.0,32.7,11.231142,723.2855,343.46,34.901962,1508.375,3.5786438,1.56,15.52795
1524876248474,1524876314560,-121.95576531,38.36162682,25.596,224.9,60.566666,31.37255,0.0,0.0,0.0,-15.25,-5.284735,-340.33694,346.54,34.901962,1452.875,3.6005402,1.56,15.52795
1524876248474,1524876315559,-121.95582683,38.36158745,25.199999,223.3,60.566666,31.37255,0.0,0.0,0.0,-6.55,-2.266038,-152.01338,345.96,34.901962,1356.125,3.6005402,1.56,14.906833
1524876248474,1524876316560,-121.95587452,38.36154956,23.147999,228.6,60.566666,31.37255,0.0,0.0,0.0,-4.45,-1.5395219,-112.66501,345.64,34.901962,1356.125,3.6042786,1.56,13.664597
1524876248474,1524876317559,-121.95593639,38.36151851,21.887999,227.1,60.566666,31.37255,0.0,0.0,0.0,-4.45,-1.538098,-117.920845,345.64,34.901962,1262.875,3.6030579,1.56,13.043478
1524876248474,1524876318559,-121.95598922,38.3614845,20.772,225.9,60.566666,31.37255,0.0,0.0,0.0,-3.55,-1.2258505,-103.874695,345.31,34.901962,1204.5,3.6023712,1.56,11.801242
1524876248474,1524876319559,-121.95603352,38.3614469,19.872,226.4,60.566666,31.37255,0.0,0.0,0.0,-2.65,-0.9142235,-81.77222,344.99,34.901962,1133.125,3.6023712,1.56,11.180124
1524876248474,1524876320559,-121.95607827,38.36142005,18.647999,225.9,60.566666,31.37255,0.0,0.0,0.0,-1.45,-0.501149,-47.461758,345.62,34.901962,1073.0,3.6011505,1.56,10.559006
1524876248474,1524876321559,-121.95611531,38.36138319,17.855999,218.7,60.566666,31.37255,0.0,0.0,0.0,-12.55,-4.3450613,-411.50284,346.22,34.901962,934.125,3.6074066,1.56,10.559006
1524876248474,1524876322559,-121.95613934,38.36135852,15.587999,215.8,60.566666,31.37255,0.0,0.0,0.0,-2.95,-1.0200214,-109.48231,345.77,34.901962,834.125,3.6036682,1.56,9.316771
1524876248474,1524876323559,-121.95616999,38.36132621,14.004,219.9,60.566666,31.37255,0.0,0.0,0.0,6.9,2.382777,295.09775,345.33,34.901962,828.0,3.5980225,1.56,8.074534
1524876248474,1524876324560,-121.95621864,38.36131173,14.076,207.8,60.566666,31.37255,0.0,0.0,0.0,15.3,5.273757,606.48206,344.69,34.901962,828.0,3.5980225,1.56,8.695652
1524876248474,1524876325560,-121.95624552,38.36128508,14.615999,219.5,60.566666,31.37255,0.0,0.0,0.0,15.3,5.273757,530.6718,344.69,34.901962,922.625,3.5917664,1.56,9.937888
1524876248474,1524876326560,-121.95628498,38.36126536,14.328,232.4,60.566666,31.37255,0.0,0.0,0.0,10.8,3.729564,353.21164,345.33,34.901962,1010.25,3.5948944,1.56,10.559006
1524876248474,1524876327560,-121.95632827,38.3612589,13.068,262.5,60.566666,31.37255,0.0,0.0,0.0,13.2,4.5460796,430.5405,344.4,34.901962,1017.0,3.5930634,1.56,10.559006
1524876248474,1524876328560,-121.95637375,38.36127006,14.724,289.1,60.566666,31.37255,0.0,0.0,0.0,15.6,5.372484,508.80588,344.39,34.901962,1089.25,3.5923767,1.56,10.559006
1524876248474,1524876329559,-121.95641715,38.36128739,14.292,285.9,60.566666,31.37255,0.0,0.0,0.0,15.6,5.372484,480.53888,344.39,34.901962,1089.25,3.5923767,1.56,11.180124
1524876248474,1524876330559,-121.9564635,38.36131264,17.208,300.9,60.566666,31.37255,0.0,0.0,0.0,14.7,5.067237,407.91257,344.71,34.901962,1182.5,3.5917664,1.56,12.42236
1524876248474,1524876331559,-121.95650975,38.36137678,19.44,307.9,60.566666,31.37255,0.0,0.0,0.0,10.2,3.5208359,283.42728,345.18,34.901962,1209.875,3.594284,1.56,12.42236
1524876248474,1524876332559,-121.95655078,38.36140712,20.484,308.5,60.566666,31.37255,0.0,0.0,0.0,-0.25,-0.08649,-7.3288894,345.96,34.901962,1167.125,3.5993195,1.56,11.801242
1524876248474,1524876333559,-121.95660164,38.36144276,17.82,310.7,60.566666,31.37255,0.0,0.0,0.0,-8.35,-2.8885992,-290.66528,345.94,34.901962,1026.125,3.604889,1.56,9.937888
1524876248474,1524876334559,-121.95663757,38.36146591,16.956,309.0,60.566666,31.37255,0.0,0.0,0.0,-5.05,-1.747098,-175.80174,345.96,34.901962,904.25,3.604889,1.56,9.937888
1524876248474,1524876335559,-121.9566686,38.36148902,15.047999,309.7,60.566666,31.37255,0.0,0.0,0.0,0.9,0.31077898,35.739582,345.31,34.901962,851.125,3.6023712,1.56,8.695652
1524876248474,1524876336559,-121.95670687,38.36150946,13.895999,308.8,60.566666,31.37255,0.0,0.0,0.0,13.5,4.64238,533.8737,343.88,34.901962,851.125,3.5999298,1.56,8.695652
1524876248474,1524876337559,-121.95674371,38.36153585,14.4,307.1,60.566666,31.37255,0.0,0.0,0.0,35.4,12.159193,1305.0867,343.48,34.901962,925.125,3.5923767,1.56,9.316771
1524876248474,1524876338559,-121.95678456,38.3615672,17.136,309.0,60.566666,31.37255,0.0,0.0,0.0,35.4,12.159193,1030.3317,343.48,34.901962,1105.875,3.5836792,1.56,11.801242
1524876248474,1524876339560,-121.95684164,38.36159587,19.872,307.1,60.566666,31.37255,0.0,0.0,0.0,33.9,11.626683,850.8618,342.97,34.901962,1322.5,3.5811615,1.56,13.664597
1524876248474,1524876340559,-121.95690724,38.36163381,21.744,304.3,60.566666,31.37255,0.0,0.0,0.0,9.6,3.309216,231.64513,344.71,34.901962,1397.375,3.5930634,1.56,14.285714
1524876248474,1524876341559,-121.95696964,38.36166436,22.391998,302.5,60.566666,31.37255,0.0,0.0,0.0,-9.25,-3.196985,-223.78894,345.62,34.901962,1321.5,3.6030579,1.56,13.664597
1524876248474,1524876342559,-121.9570262,38.36169754,21.564,303.5,60.566666,31.37255,0.0,0.0,0.0,-20.35,-7.0555487,-516.3379,346.71,34.901962,1127.0,3.6105347,1.56,13.664597
1524876248474,1524876343559,-121.95708151,38.36170979,18.575998,301.4,60.566666,31.37255,0.0,0.0,0.0,0.0,0.0,0.0,345.18,34.901962,1068.75,3.6005402,1.56,11.180124
1524876248474,1524876344560,-121.95712674,38.36174887,16.596,312.7,60.566666,31.37255,0.0,0.0,0.0,9.6,3.3075843,295.84503,344.54,34.901962,1109.125,3.6005402,1.56,11.180124
1524876248474,1524876345559,-121.95715823,38.36179286,18.071999,324.2,60.566666,31.37255,0.0,0.0,0.0,9.6,3.3075843,280.27423,344.54,34.901962,1109.125,3.5936737,1.56,11.801242
1524876248474,1524876346560,-121.95717413,38.36183023,14.292,340.0,60.566666,31.37255,0.0,0.0,0.0,10.2,3.513696,282.85254,344.48,34.901962,1196.75,3.5936737,1.56,12.42236
1524876248474,1524876347559,-121.95715514,38.36188135,17.1,8.7,60.566666,31.37255,0.0,0.0,0.0,12.0,4.13652,317.13318,344.71,34.901962,1254.5,3.594284,1.56,13.043478
1524876248474,1524876348559,-121.95713276,38.36191843,18.468,18.1,60.566666,31.37255,0.0,0.0,0.0,19.2,6.6061444,483.44965,344.07,34.901962,1321.0,3.5899353,1.56,13.664597
1524876248474,1524876349559,-121.95710909,38.36196774,19.692,27.6,60.566666,31.37255,0.0,0.0,0.0,9.6,3.3073921,242.04095,344.52,34.901962,1364.875,3.5930634,1.56,13.664597
1524876248474,1524876350559,-121.95705893,38.36200697,20.844,15.9,60.566666,31.37255,0.0,0.0,0.0,6.9,2.380431,166.63017,344.99,34.901962,1363.625,3.5930634,1.56,14.285714
1524876248474,1524876351559,-121.95703593,38.36206154,21.096,0.7,60.566666,31.37255,0.0,0.0,0.0,6.9,2.380431,166.63017,344.99,34.901962,1363.625,3.5948944,1.56,14.285714
1524876248474,1524876352559,-121.95703618,38.36211348,20.196,11.5,60.566666,31.37255,0.0,0.0,0.0,6.6,2.274822,166.47562,344.67,34.901962,1351.0,3.5948944,1.56,13.664597
1524876248474,1524876353559,-121.95705819,38.36216516,19.8,4.5,60.566666,31.37255,0.0,0.0,0.0,6.9,2.381604,166.71228,345.16,34.901962,1348.25,3.5948944,1.56,14.285714
1524876248474,1524876354559,-121.95711648,38.3622189,22.319998,317.1,60.566666,31.37255,0.0,0.0,0.0,6.9,2.3782232,166.47562,344.67,34.901962,1354.125,3.5955048,1.56,14.285714
1524876248474,1524876355559,-121.95715689,38.36226244,22.067999,336.3,60.566666,31.37255,0.0,0.0,0.0,0.3,0.103590004,7.9419003,345.3,34.901962,1314.25,3.5955048,1.56,13.043478
1524876248474,1524876356559,-121.95721972,38.36230116,23.688,327.7,60.566666,31.37255,0.0,0.0,0.0,-24.85,-8.6197195,-816.33813,346.87,34.901962,1081.125,3.609314,1.56,10.559006
1524876248474,1524876357560,-121.9572579,38.36231391,17.568,302.3,60.566666,31.37255,0.0,0.0,0.0,-15.85,-5.490282,-736.6128,346.39,34.901962,777.75,3.6154938,1.56,7.4534163
1524876248474,1524876358559,-121.95728667,38.36232261,12.023999,302.1,60.566666,31.37255,0.0,0.0,0.0,-17.65,-6.1134305,-1640.4371,346.37,34.901962,457.0,3.609314,1.56,3.7267082
1524876248474,1524876359559,-121.95731784,38.36234414,10.259999,306.6,60.566666,31.37255,0.0,0.0,0.0,-2.35,-0.8126535,-218.06201,345.81,34.901962,164.875,3.6030579,1.56,3.7267082
1524876248474,1524876360559,-121.95731442,38.36233936,2.412,301.8,60.566666,31.37255,0.0,0.0,0.0,-0.25,-0.086370006,-69.527855,345.48,34.901962,96.0,3.5999298,1.56,1.242236
1524876248474,1524876361559,-121.95732553,38.36234586,2.664,301.8,60.566666,31.37255,0.0,0.0,0.0,20.1,6.9164104,Infinity,344.1,34.901962,365.5,3.5999298,1.56,0.0
1524876248474,1524876362560,-121.95733317,38.36234967,3.348,301.8,60.566666,31.37255,0.0,0.0,0.0,45.3,15.509814,3121.35,342.38,34.901962,861.625,3.577423,1.56,4.968944
1524876248474,1524876363559,-121.95734839,38.36234488,4.5,296.9,60.566666,31.37255,0.0,0.0,0.0,57.6,19.704384,1982.7535,342.09,34.901962,861.625,3.577423,1.56,9.937888
1524876248474,1524876364560,-121.95738275,38.36235327,9.756,283.5,60.566666,31.37255,0.0,0.0,0.0,63.9,21.787344,1594.4375,340.96,34.901962,1530.5,3.5668182,1.56,13.664597
1524876248474,1524876365559,-121.95753778,38.36234928,24.731998,250.9,60.566666,31.37255,0.0,0.0,0.0,63.9,21.787344,1252.7723,340.96,34.901962,1530.5,3.5598755,1.56,17.391304
1524876248474,1524876366560,-121.95762916,38.36232618,29.519999,229.4,60.566666,31.37255,0.0,0.0,0.0,72.6,24.766764,1246.0779,341.14,34.901962,1870.625,3.5580444,1.56,19.875776
1524876248474,1524876367559,-121.95770901,38.36225761,33.876,213.6,60.566666,31.37255,0.0,0.0,0.0,70.5,23.9841,1043.6324,340.2,34.901962,2148.375,3.554306,1.56,22.981367
1524876248474,1524876368559,-121.95778229,38.3621862,34.452,201.8,60.566666,31.37255,0.0,0.0,0.0,63.6,21.695868,873.25867,341.13,34.901962,2350.0,3.5617828,1.56,24.84472
1524876248474,1524876369560,-121.95784511,38.36210517,37.116,198.7,60.566666,31.37255,0.0,0.0,0.0,55.8,19.044538,766.5427,341.3,34.901962,2566.375,3.5636902,1.56,24.84472
1524876248474,1524876370559,-121.95790063,38.36201234,41.184,194.0,60.566666,31.37255,0.0,0.0,0.0,56.1,19.128979,699.9467,340.98,34.901962,2745.5,3.5636902,1.56,27.329193
1524876248474,1524876371560,-121.95794446,38.36188138,45.684,196.7,60.566666,31.37255,0.0,0.0,0.0,58.8,20.096075,703.3626,341.77,34.901962,2745.5,3.5611725,1.56,28.571428
1524876248474,1524876372559,-121.95797026,38.36175914,47.087997,189.4,60.566666,31.37255,0.0,0.0,0.0,59.4,20.254213,665.4956,340.98,34.901962,2892.5,3.564911,1.56,30.434782
1524876248474,1524876373559,-121.9579872,38.36163725,49.572,188.3,60.566666,31.37255,0.0,0.0,0.0,51.9,17.696863,558.66565,341.47,34.901962,3009.75,3.5623932,1.56,31.67702
1524876248474,1524876374559,-121.95800536,38.36150991,51.767998,184.3,60.566666,31.37255,0.0,0.0,0.0,51.9,17.722294,538.35645,341.47,34.901962,3132.25,3.5630035,1.56,32.919254
1524876248474,1524876375559,-121.95801502,38.36136573,53.496,182.1,60.566666,31.37255,0.0,0.0,0.0,45.6,15.598846,456.6208,342.08,34.901962,3253.875,3.5686493,1.56,34.16149
1524876248474,1524876376559,-121.95801649,38.36122788,54.143997,173.7,60.566666,31.37255,0.0,0.0,0.0,29.4,10.079202,295.04572,342.83,34.901962,3296.0,3.5749054,1.56,34.782608
1524876248474,1524876377559,-121.95801074,38.36109346,55.044,180.1,60.566666,31.37255,0.0,0.0,0.0,29.7,10.191258,292.9987,343.14,34.901962,3320.375,3.576126,1.56,34.782608
1524876248474,1524876378559,-121.95799927,38.36094234,55.475998,152.5,60.566666,31.37255,0.0,0.0,0.0,28.5,9.7755,281.04562,343.0,34.901962,3342.75,3.5768127,1.56,34.782608
1524876248474,1524876379559,-121.95800416,38.36082004,53.424,180.8,60.566666,31.37255,0.0,0.0,0.0,29.1,9.967623,286.56915,342.53,34.901962,3342.75,3.5768127,1.56,34.782608
1524876248474,1524876380559,-121.9579979,38.36067281,56.339996,178.9,60.566666,31.37255,0.0,0.0,0.0,29.1,9.967623,281.54163,342.53,34.901962,3402.125,3.576126,1.56,35.40373
1524876248474,1524876381559,-121.95798055,38.36053644,55.944,175.3,60.566666,31.37255,0.0,0.0,0.0,28.5,9.761536,270.96677,342.51,34.901962,3442.375,3.5755157,1.56,36.024845
1524876248474,1524876382559,-121.95800052,38.36039427,56.592,178.7,60.566666,31.37255,0.0,0.0,0.0,-26.95,1.9664428,54.585743,344.99,34.901962,3434.125,3.577423,1.56,36.024845
1524876248474,1524876383560,-121.95800511,38.36025279,57.06,179.8,60.566666,31.37255,0.0,0.0,0.0,-26.95,-9.310686,-267.68225,345.48,34.901962,3359.25,3.6086273,1.56,34.782608
1524876248474,1524876384559,-121.95801575,38.36011638,56.16,178.2,60.566666,31.37255,0.0,0.0,0.0,-1.75,-0.60373247,-17.35731,344.99,34.901962,3320.375,3.5923767,1.56,34.782608
1524876248474,1524876385560,-121.95803469,38.35997154,56.304,181.1,60.566666,31.37255,0.0,0.0,0.0,6.0,2.0628,59.305496,343.8,34.901962,3293.0,3.591156,1.56,34.782608
1524876248474,1524876386559,-121.95804181,38.35983268,55.872,178.8,60.566666,31.37255,0.0,0.0,0.0,14.4,4.9479837,142.25453,343.61,34.901962,3298.375,3.5855103,1.56,34.782608
1524876248474,1524876387561,-121.95803808,38.35969202,55.62,177.8,60.566666,31.37255,0.0,0.0,0.0,13.2,4.535916,130.40758,343.63,34.901962,3292.375,3.5855103,1.56,34.782608
1524876248474,1524876388560,-121.95803405,38.35954904,55.548,179.1,60.566666,31.37255,0.0,0.0,0.0,-9.85,-3.399826,-99.52219,345.16,34.901962,3242.625,3.5855103,1.56,34.16149
1524876248474,1524876389559,-121.95801982,38.35939799,55.763996,177.3,60.566666,31.37255,0.0,0.0,0.0,-10.75,-3.722295,-110.97954,346.26,34.901962,3242.625,3.5968018,1.56,33.54037
1524876248474,1524876390560,-121.95801501,38.35925535,55.116,177.9,60.566666,31.37255,0.0,0.0,0.0,-10.75,-3.722295,-113.073494,346.26,34.901962,3139.375,3.5980225,1.56,32.919254
1524876248474,1524876391559,-121.95804081,38.359126,53.46,179.3,60.566666,31.37255,0.0,0.0,0.0,5.1,1.756389,54.38051,344.39,34.901962,3108.0,3.5917664,1.56,32.298138
1524876248474,1524876392560,-121.95804416,38.35899037,52.308,181.4,60.566666,31.37255,0.0,0.0,0.0,10.5,3.608115,111.71279,343.63,34.901962,3100.375,3.5874176,1.56,32.298138
1524876248474,1524876393559,-121.95804839,38.35885345,51.48,157.0,60.566666,31.37255,0.0,0.0,0.0,2.4,0.827304,25.614605,344.71,34.901962,3078.375,3.588028,1.56,32.298138
1524876248474,1524876394560,-121.95805436,38.35872034,53.963997,180.1,60.566666,31.37255,0.0,0.0,0.0,-10.75,-3.72208,-115.24132,346.24,34.901962,3035.5,3.594284,1.56,32.298138
1524876248474,1524876395559,-121.95806077,38.35859379,49.968,186.6,60.566666,31.37255,0.0,0.0,0.0,-35.95,-12.469976,-393.66003,346.87,34.901962,3035.5,3.594284,1.56,31.67702
1524876248474,1524876396560,-121.95806167,38.35846155,49.788,183.2,60.566666,31.37255,0.0,0.0,0.0,-23.05,-7.995353,-268.17746,346.87,34.901962,2878.0,3.614273,1.56,29.813665
1524876248474,1524876397560,-121.9580667,38.358337,49.788,181.9,60.566666,31.37255,0.0,0.0,0.0,-23.05,-7.983828,-279.434,346.37,34.901962,2757.75,3.6074066,1.56,28.571428
1524876248474,1524876398559,-121.95806448,38.3582418,45.468,181.9,60.566666,31.37255,0.0,0.0,0.0,-20.65,-7.156051,-261.8464,346.54,34.901962,2647.125,3.6074066,1.56,27.329193
1524876248474,1524876399560,-121.95807529,38.35813363,44.496,181.2,60.566666,31.37255,0.0,0.0,0.0,-39.55,-13.743229,-502.87723,347.49,34.901962,2484.625,3.6117554,1.56,24.223602
1524876248474,1524876400559,-121.95806508,38.35802823,42.624,173.6,60.566666,31.37255,0.0,0.0,0.0,-83.65,-29.29925,-1429.4482,350.26,34.901962,2085.5,3.6424255,1.56,20.496895
1524876248474,1524876401560,-121.95807455,38.35794538,37.727997,178.7,60.566666,31.37255,0.0,0.0,0.0,-65.95,-23.02974,-1123.5721,349.2,34.901962,1619.75,3.6336517,1.56,20.496895
1524876248474,1524876402559,-121.95809414,38.35788052,28.475998,192.5,60.566666,31.37255,0.0,0.0,0.0,-21.25,-7.3673754,-474.45895,346.7,34.901962,1619.75,3.6336517,1.56,15.52795
1524876248474,1524876403559,-121.95809526,38.35781336,26.171999,190.5,60.566666,31.37255,0.0,0.0,0.0,-3.85,-1.331792,-102.10406,345.92,34.901962,1218.75,3.6174011,1.56,13.043478
1524876248474,1524876404560,-121.95807825,38.35776607,22.067999,185.6,60.566666,31.37255,0.0,0.0,0.0,-3.85,-1.331792,-107.20926,345.92,34.901962,1218.75,3.6017609,1.56,12.42236
1524876248474,1524876405560,-121.95806781,38.35772727,18.72,189.9,60.566666,31.37255,0.0,0.0,0.0,-24.55,-8.515658,-1054.6315,346.87,34.901962,883.0,3.6105347,1.56,8.074534
1524876248474,1524876406560,-121.95809137,38.35768691,15.552,186.2,60.566666,31.37255,0.0,0.0,0.0,31.5,10.761661,1019.19257,341.64,34.901962,886.625,3.591156,1.56,10.559006
1524876248474,1524876407559,-121.95813091,38.35764416,16.019999,224.9,60.566666,31.37255,0.0,0.0,0.0,91.8,31.158758,2006.624,339.42,34.901962,1410.75,3.5505676,1.56,15.52795
1524876248474,1524876408559,-121.95817949,38.35760652,18.684,245.4,60.566666,31.37255,0.0,0.0,0.0,80.7,27.404104,1764.8243,339.58,34.901962,1727.5,3.554306,1.56,18.633541
1524876248474,1524876409559,-121.95823009,38.35757808,21.491999,261.1,60.566666,31.37255,0.0,0.0,0.0,108.6,36.67639,1968.2997,337.72,34.901962,1727.5,3.554306,1.56,18.633541
1524876248474,1524876410560,-121.95834214,38.3575504,29.699999,268.8,60.566666,31.37255,0.0,0.0,0.0,108.6,36.67639,1514.0767,337.72,34.901962,2198.25,3.53302,1.56,24.223602
1524876248474,1524876411559,-121.95847457,38.3575418,37.692,265.5,60.566666,31.37255,0.0,0.0,0.0,128.7,43.266365,1547.9744,336.18,34.901962,2596.875,3.5255432,1.56,27.95031
1524876248474,1524876412559,-121.9586022,38.35753859,40.572002,258.8,60.566666,31.37255,0.0,0.0,0.0,133.5,44.964134,1447.8451,336.81,34.901962,2918.125,3.516159,1.56,31.0559
1524876248474,1524876413560,-121.95876346,38.3575404,48.348,267.2,60.566666,31.37255,0.0,0.0,0.0,96.0,32.5248,988.01746,338.8,34.901962,3116.875,3.534317,1.56,32.919254
1524876248474,1524876414559,-121.95894139,38.35755301,52.308,268.4,60.566666,31.37255,0.0,0.0,0.0,75.9,25.786266,768.81274,339.74,34.901962,3213.875,3.546753,1.56,33.54037
1524876248474,1524876415560,-121.95911332,38.35756846,54.395996,268.9,60.566666,31.37255,0.0,0.0,0.0,6.9,2.3719442,70.71907,343.76,34.901962,3169.75,3.5842896,1.56,32.919254
1524876248474,1524876416560,-121.95927562,38.35756601,53.351997,262.8,60.566666,31.37255,0.0,0.0,0.0,28.5,9.770655,296.80667,342.83,34.901962,3109.25,3.5736847,1.56,32.919254
1524876248474,1524876417559,-121.95944272,38.35756985,52.992,263.9,60.566666,31.37255,0.0,0.0,0.0,29.1,9.9813,309.0364,343.0,34.901962,3089.875,3.574295,1.56,32.298138
1524876248474,1524876418559,-121.95959609,38.35756504,51.372,255.6,60.566666,31.37255,0.0,0.0,0.0,29.7,10.177002,315.09564,342.66,34.901962,3090.75,3.5736847,1.56,32.298138
1524876248474,1524876419559,-121.95974627,38.35759092,50.472,265.9,60.566666,31.37255,0.0,0.0,0.0,29.1,9.976353,308.88324,342.83,34.901962,3103.375,3.5736847,1.56,32.298138
1524876248474,1524876420559,-121.95993795,38.35757906,53.531998,270.6,60.566666,31.37255,0.0,0.0,0.0,29.1,9.976353,303.05524,342.83,34.901962,3103.375,3.5723877,1.56,32.919254
1524876248474,1524876421560,-121.96011937,38.35758293,53.351997,269.9,60.566666,31.37255,0.0,0.0,0.0,29.4,10.060973,305.6258,342.21,34.901962,3146.625,3.572998,1.56,32.919254
1524876248474,1524876422560,-121.96029805,38.35758005,55.008,279.2,60.566666,31.37255,0.0,0.0,0.0,-2.95,-1.0163931,-31.469091,344.54,34.901962,3125.0,3.5861206,1.56,32.298138
1524876248474,1524876423560,-121.96045428,38.35756817,52.739998,273.0,60.566666,31.37255,0.0,0.0,0.0,-14.95,-5.165225,-163.05907,345.5,34.901962,3077.75,3.5955048,1.56,31.67702
1524876248474,1524876424559,-121.96062207,38.35756612,52.56,279.6,60.566666,31.37255,0.0,0.0,0.0,-17.05,-5.898277,-186.2005,345.94,34.901962,3077.75,3.5955048,1.56,31.67702
1524876248474,1524876425560,-121.96078623,38.35756181,52.199997,268.5,60.566666,31.37255,0.0,0.0,0.0,-17.05,-5.898277,-189.92451,345.94,34.901962,2981.375,3.6023712,1.56,31.0559
1524876248474,1524876426560,-121.9609386,38.35755751,50.831997,268.7,60.566666,31.37255,0.0,0.0,0.0,-43.15,-14.979523,-513.12836,347.15,34.901962,2833.75,3.6148834,1.56,29.192547
1524876248474,1524876427559,-121.96108477,38.35756553,46.583996,267.2,60.566666,31.37255,0.0,0.0,0.0,-41.65,-14.479207,-529.8074,347.64,34.901962,2673.75,3.614273,1.56,27.329193
1524876248474,1524876428559,-121.96123202,38.3575654,45.719997,266.6,60.566666,31.37255,0.0,0.0,0.0,-29.35,-10.170655,-389.87512,346.53,34.901962,2524.0,3.6105347,1.56,26.086956
1524876248474,1524876429560,-121.9613656,38.35754901,41.544,263.1,60.566666,31.37255,0.0,0.0,0.0,-25.15,-8.703661,-359.30496,346.07,34.901962,2367.125,3.6074066,1.56,24.223602
1524876248474,1524876430560,-121.96150167,38.35752764,39.348,262.9,60.566666,31.37255,0.0,0.0,0.0,-28.75,-9.962737,-411.28223,346.53,34.901962,2125.875,3.609314,1.56,24.223602
1524876248474,1524876431559,-121.96161511,38.35750701,36.252,261.5,60.566666,31.37255,0.0,0.0,0.0,-28.45,-9.873288,-454.17126,347.04,34.901962,1922.0,3.609314,1.56,21.73913
1524876248474,1524876432560,-121.96172009,38.35750162,33.048,262.2,60.566666,31.37255,0.0,0.0,0.0,,0.0,0.0,,,,,0.0,
1524876248474,1524876435889,-121.96206405,38.35746032,23.975998,248.9,60.566666,31.37255,0.0,0.0,0.0,-7.15,-2.471326,-165.78479,345.64,34.901962,1469.0,3.5993195,1.56,14.906833
1524876248474,1524876436888,-121.96213345,38.35745139,22.103998,247.3,60.566666,31.37255,0.0,0.0,0.0,-7.15,-2.471326,-165.78479,345.64,34.901962,1469.0,3.5993195,1.56,14.906833
1524876248474,1524876437889,-121.96219455,38.35745047,19.224,245.1,60.566666,31.37255,0.0,0.0,0.0,-14.35,-4.9617996,-443.8054,345.77,34.901962,1161.25,3.5999298,1.56,11.180124
1524876248474,1524876438888,-121.96223114,38.35745987,14.076,244.5,60.566666,31.37255,0.0,0.0,0.0,-27.85,-9.670356,-864.9596,347.23,34.901962,664.125,3.6105347,1.56,11.180124
1524876248474,1524876439889,-121.96226095,38.35746481,7.776,247.9,60.566666,31.37255,0.0,0.0,0.0,10.5,3.645915,652.2137,343.78,34.901962,664.125,3.6105347,1.56,5.590062
1524876248474,1524876440888,-121.96229206,38.35745525,10.656,244.6,60.566666,31.37255,0.0,0.0,0.0,65.1,3.60969,528.32733,343.78,34.901962,573.25,3.5917664,1.56,6.8322983
1524876248474,1524876441888,-121.9623557,38.35744559,20.987999,259.7,60.566666,31.37255,0.0,0.0,0.0,83.1,22.165897,1982.6165,340.49,34.901962,1005.875,3.5623932,1.56,11.180124
1524876248474,1524876442889,-121.96244147,38.35744141,25.848,244.4,60.566666,31.37255,0.0,0.0,0.0,83.1,28.248182,1819.1829,339.93,34.901962,1442.125,3.5505676,1.56,15.52795
1524876248474,1524876443888,-121.96254037,38.35743249,31.68,247.6,60.566666,31.37255,0.0,0.0,0.0,90.3,30.624344,1540.7874,339.14,34.901962,1840.125,3.5449219,1.56,19.875776
1524876248474,1524876444888,-121.96265836,38.35741497,35.82,235.6,60.566666,31.37255,0.0,0.0,0.0,101.7,34.365448,1418.6761,337.91,34.901962,2250.875,3.5411835,1.56,24.223602
1524876248474,1524876445888,-121.96278615,38.35740432,41.831997,236.0,60.566666,31.37255,0.0,0.0,0.0,91.5,31.015755,1161.2876,338.97,34.901962,2528.0,3.5404968,1.56,26.708075
1524876248474,1524876446888,-121.96292622,38.35740071,45.612,238.6,60.566666,31.37255,0.0,0.0,0.0,66.0,22.49478,842.2464,340.83,34.509804,2702.375,3.551178,1.56,26.708075
1524876248474,1524876447888,-121.96307796,38.35738355,46.548,243.5,60.566666,31.37255,0.0,0.0,0.0,67.8,23.046577,806.63025,339.92,34.509804,2862.125,3.551178,1.56,28.571428
1524876248474,1524876448888,-121.96323333,38.35737584,48.707996,242.4,60.566666,31.37255,0.0,0.0,0.0,39.0,13.348141,438.58176,342.26,34.509804,2862.125,3.5523987,1.56,30.434782
1524876248474,1524876449888,-121.96338282,38.35736282,49.176,243.2,60.566666,31.37255,0.0,0.0,0.0,39.0,13.348141,429.81012,342.26,34.509804,2941.875,3.5661316,1.56,31.0559
1524876248474,1524876450888,-121.96354055,38.35734014,50.579998,251.8,60.566666,31.37255,0.0,0.0,0.0,26.4,9.05124,291.44992,342.85,34.509804,2978.0,3.5705566,1.56,31.0559
1524876248474,1524876451888,-121.96369162,38.35730963,49.716,247.0,60.566666,31.37255,0.0,0.0,0.0,6.3,2.1658142,71.16246,343.78,34.509804,2933.25,3.5836792,1.56,30.434782
1524876248474,1524876452888,-121.96384304,38.35727714,49.283997,243.0,60.566666,31.37255,0.0,0.0,0.0,-13.45,-4.644688,-155.79059,345.33,34.509804,2858.125,3.594284,1.56,29.813665
1524876248474,1524876453889,-121.96399671,38.35721389,46.692,241.5,60.566666,31.37255,0.0,0.0,0.0,-11.65,-4.0193663,-134.81625,345.01,34.509804,2771.625,3.5936737,1.56,29.813665
1524876248474,1524876454888,-121.96411817,38.35717025,45.216,244.0,60.566666,31.37255,0.0,0.0,0.0,-30.25,-10.468617,-366.4016,346.07,34.509804,2771.625,3.5936737,1.56,28.571428
1524876248474,1524876455889,-121.9642354,38.3571361,41.975998,244.1,60.566666,31.37255,0.0,0.0,0.0,-30.25,-10.468617,-401.29703,346.07,34.509804,2575.125,3.604889,1.56,26.086956
1524876248474,1524876456888,-121.96436307,38.35709604,42.156,242.6,60.566666,31.37255,0.0,0.0,0.0,-27.55,-9.543045,-393.95645,346.39,34.509804,2354.25,3.606186,1.56,24.223602
1524876248474,1524876457888,-121.96445927,38.35707409,35.82,242.5,60.566666,31.37255,0.0,0.0,0.0,-32.35,-11.221891,-516.20703,346.89,34.509804,2158.125,3.6054993,1.56,21.73913
1524876248474,1524876458889,-121.96455484,38.35704274,33.948,242.9,60.566666,31.37255,0.0,0.0,0.0,-65.35,-22.758137,-1046.8743,348.25,34.509804,1732.125,3.6286926,1.56,16.770185
1524876248474,1524876459888,-121.96463954,38.35702917,29.304,258.2,60.566666,31.37255,0.0,0.0,0.0,-23.05,-7.9485617,-473.9698,344.84,34.509804,1454.125,3.609314,1.56,14.906833
1524876248474,1524876460890,-121.96473916,38.35700453,28.836,265.4,60.566666,31.37255,0.0,0.0,0.0,42.6,-7.9485617,-533.216,344.84,34.509804,1454.125,3.609314,1.56,14.906833
1524876248474,1524876461888,-121.96481235,38.357075,27.287998,307.1,60.566666,31.37255,0.0,0.0,0.0,42.6,14.5385275,835.96533,341.28,34.509804,1612.25,3.571167,1.56,17.391304
1524876248474,1524876462889,-121.96485752,38.35713161,27.432,328.0,60.566666,31.37255,0.0,0.0,0.0,111.3,25.800688,1298.097,339.93,34.509804,1841.875,3.556137,1.56,19.875776
1524876248474,1524876463888,-121.96492007,38.35718653,28.692,324.3,60.566666,31.37255,0.0,0.0,0.0,122.7,37.609383,1593.4502,337.91,34.509804,2158.5,3.5386658,1.56,23.602484
1524876248474,1524876464889,-121.96499651,38.3573033,41.724,323.2,60.566666,31.37255,0.0,0.0,0.0,122.7,41.326584,1512.1774,336.81,34.509804,2538.875,3.5249329,1.56,27.329193
1524876248474,1524876465889,-121.96508164,38.35740657,47.339996,325.7,60.566666,31.37255,0.0,0.0,0.0,118.8,40.122326,1318.305,337.73,34.509804,2854.5,3.5218048,1.56,30.434782
1524876248474,1524876466889,-121.96518995,38.35749321,51.156,323.7,60.566666,31.37255,0.0,0.0,0.0,76.8,26.01984,790.414,338.8,34.509804,3090.25,3.546753,1.56,32.919254
1524876248474,1524876467888,-121.96528099,38.35760134,52.775997,321.2,60.566666,31.37255,0.0,0.0,0.0,33.3,11.38094,345.7229,341.77,34.509804,3150.625,3.564911,1.56,32.919254
1524876248474,1524876468888,-121.96538737,38.35770805,53.387997,320.9,60.566666,31.37255,0.0,0.0,0.0,6.0,2.05986,62.573105,343.31,34.509804,3119.375,3.5811615,1.56,32.919254
1524876248474,1524876469889,-121.96549923,38.35781344,53.46,318.7,60.566666,31.37255,0.0,0.0,0.0,-3.55,-1.2247856,-38.6648,345.01,34.509804,3068.25,3.5874176,1.56,31.67702
1524876248474,1524876470888,-121.96561079,38.35791063,51.947998,319.1,60.566666,31.37255,0.0,0.0,0.0,-40.45,-14.037768,-443.15308,347.04,34.509804,2898.875,3.6099243,1.56,31.67702
1524876248474,1524876471888,-121.96572202,38.35801333,51.227997,319.1,60.566666,31.37255,0.0,0.0,0.0,-43.15,-14.968305,-512.7441,346.89,34.509804,2660.75,3.6117554,1.56,29.192547
1524876248474,1524876472888,-121.96582931,38.35812185,50.508,319.8,60.566666,31.37255,0.0,0.0,0.0,-48.25,-16.759155,-613.2327,347.34,34.509804,2447.125,3.6148834,1.56,27.329193
1524876248474,1524876473888,-121.9659456,38.35822783,51.947998,317.2,60.566666,31.37255,0.0,0.0,0.0,-47.95,-16.669338,-670.9409,347.64,34.509804,2215.625,3.6167908,1.56,24.84472
1524876248474,1524876474888,-121.96597339,38.35830069,42.156,322.6,60.566666,31.37255,0.0,0.0,0.0,-43.15,-14.974777,-669.7053,347.04,34.509804,1982.0,3.6161804,1.56,22.360249
1524876248474,1524876475888,-121.96601416,38.35840563,40.068,326.6,60.566666,31.37255,0.0,0.0,0.0,-41.65,-14.474625,-728.2546,347.53,34.509804,1982.0,3.6161804,1.56,19.875776
1524876248474,1524876476888,-121.96606186,38.35846838,35.676,327.7,60.566666,31.37255,0.0,0.0,0.0,-46.15,-14.474625,-932.16583,347.53,34.509804,1656.625,3.6148834,1.56,15.52795
1524876248474,1524876477889,-121.96609966,38.35847897,26.387999,327.4,60.566666,31.37255,0.0,0.0,0.0,-32.95,-16.036663,-1434.3905,347.49,34.509804,1211.875,3.6199188,1.56,11.180124
1524876248474,1524876478888,-121.9661178,38.35844113,11.879999,326.0,60.566666,31.37255,0.0,0.0,0.0,-15.85,-5.4978895,-737.63354,345.62,34.509804,818.25,3.614273,1.56,7.4534163
1524876248474,1524876479889,-121.9661407,38.35846401,9.504,324.4,60.566666,31.37255,0.0,0.0,0.0,-15.85,-5.478077,-1763.9408,345.62,34.509804,376.0,3.5999298,1.56,3.10559
1524876248474,1524876480890,-121.96613593,38.35845526,3.2039998,324.9,60.566666,31.37255,0.0,0.0,0.0,1.8,0.62132394,1000.3316,345.18,34.509804,143.125,3.594284,1.56,0.621118
1524876248474,1524876481888,-121.9661303,38.35846795,2.196,325.5,60.566666,31.37255,0.0,0.0,0.0,1.8,0.619902,Infinity,344.39,34.509804,2.0,3.5930634,1.56,0.0
1524876248474,1524876482888,-121.96613192,38.35846497,0.0,0.0,60.566666,31.37255,0.0,0.0,0.0,1.5,0.517035,Infinity,344.69,34.509804,1.75,3.5923767,1.56,0.0
1524876248474,1524876483889,-121.96613225,38.35846176,0.0,0.0,60.566666,31.37255,0.0,0.0,0.0,1.5,0.517065,Infinity,344.71,34.509804,4.0,3.5923767,1.56,0.0
1524876248474,1524876484888,-121.96613301,38.35846594,0.0,0.0,60.566666,31.37255,0.0,0.0,0.0,1.5,0.51774,Infinity,345.16,34.509804,1.125,3.5923767,1.56,0.0
1524876248474,1524876485889,-121.96613437,38.35846251,0.0,0.0,60.566666,31.37255,0.0,0.0,0.0,1.2,0.41380802,Infinity,344.84,34.509804,0.375,3.5917664,1.56,0.0
1524876248474,1524876486889,-121.96613428,38.35846068,0.0,0.0,60.566666,31.37255,0.0,0.0,0.0,1.2,0.413244,Infinity,344.37,34.509804,0.0,3.5923767,1.56,0.0
1524876248474,1524876487889,-121.96613237,38.35845927,0.0,0.0,60.566666,31.37255,0.0,0.0,0.0,1.2,0.41360402,Infinity,344.67,34.509804,0.25,3.5923767,1.56,0.0
1524876248474,1524876488888,-121.96613288,38.35845984,0.0,0.0,60.566666,31.37255,0.0,0.0,0.0,1.2,0.41360402,Infinity,344.67,34.509804,0.25,3.5923767,1.56,0.0
1524876248474,1524876489889,-121.96612948,38.35846321,0.0,0.0,60.566666,31.37255,0.0,0.0,0.0,1.5,0.41326803,Infinity,344.39,34.509804,5.25,3.5923767,1.56,0.0
1524876248474,1524876490888,-121.96612905,38.35846461,0.0,0.0,60.566666,31.37255,0.0,0.0,0.0,1.5,0.517545,Infinity,345.03,34.509804,19.625,3.5923767,1.56,0.0
1524876248474,1524876491889,-121.9661293,38.35846217,0.0,0.0,60.566666,31.37255,0.0,0.0,0.0,1.2,0.41380802,Infinity,344.84,34.509804,17.25,3.5917664,1.56,0.0
1524876248474,1524876492888,-121.9661322,38.35846149,0.0,0.0,60.566666,31.37255,0.0,0.0,0.0,1.2,0.41380802,Infinity,344.84,34.509804,2.75,3.5923767,1.56,0.0
1524876248474,1524876493889,-121.96613294,38.35846122,0.0,0.0,60.566666,31.37255,0.0,0.0,0.0,1.2,0.413064,Infinity,344.22,34.509804,0.0,3.5923767,1.56,0.0
1524876248474,1524876494888,-121.96613289,38.358461,0.0,0.0,60.566666,31.37255,0.0,0.0,0.0,1.2,0.413064,Infinity,344.22,34.509804,0.0,3.5917664,1.56,0.0
1524876248474,1524876495888,-121.96613162,38.3584616,0.0,0.0,60.566666,31.37255,0.0,0.0,0.0,1.2,0.41380802,Infinity,344.84,34.509804,0.25,3.5917664,1.56,0.0
1524876248474,1524876496889,-121.96613182,38.35846132,0.0,0.0,60.566666,31.37255,0.0,0.0,0.0,1.2,0.41380802,Infinity,344.84,34.509804,0.25,3.5923767,1.56,0.0
1524876248474,1524876497888,-121.96613159,38.35846143,0.0,0.0,60.566666,31.37255,0.0,0.0,0.0,1.2,0.41419202,Infinity,345.16,34.509804,0.0,3.5923767,1.56,0.0
1524876248474,1524876498889,-121.96613161,38.35846143,0.0,0.0,60.566666,31.37255,0.0,0.0,0.0,1.2,0.413988,Infinity,344.99,34.509804,3.375,3.5923767,1.56,0.0
1524876248474,1524876499889,-121.96613156,38.35846125,0.0,0.0,60.566666,31.37255,0.0,0.0,0.0,1.2,0.413988,Infinity,344.99,34.509804,1.875,3.5923767,1.56,0.0
1524876248474,1524876500889,-121.96613158,38.35846122,0.0,0.0,60.566666,31.37255,0.0,0.0,0.0,1.2,0.413988,Infinity,344.99,34.509804,1.875,3.5923767,1.56,0.0
1524876248474,1524876501889,-121.9661314,38.35846133,0.0,0.0,60.566666,31.37255,0.0,0.0,0.0,4.8,1.65312,887.17444,344.4,34.509804,139.5,3.5868073,1.56,1.8633541
1524876248474,1524876502888,-121.96613139,38.35846128,0.0,0.0,60.566666,31.37255,0.0,0.0,0.0,29.1,9.990029,1608.3948,343.3,34.509804,498.625,3.5792542,1.56,6.21118
1524876248474,1524876503889,-121.96617208,38.35851396,15.263999,330.5,60.566666,31.37255,0.0,0.0,0.0,67.2,22.882942,1842.0769,340.52,34.509804,1064.0,3.557434,1.56,12.42236
1524876248474,1524876504888,-121.96621887,38.35856152,22.103998,334.4,60.566666,31.37255,0.0,0.0,0.0,84.3,28.627438,2304.5088,339.59,34.509804,1573.25,3.54805,1.56,12.42236
1524876248474,1524876505889,-121.9662975,38.35862731,25.344,334.5,60.566666,31.37255,0.0,0.0,0.0,84.3,28.627438,1589.3164,339.59,34.509804,1573.25,3.54805,1.56,18.012423
1524876248474,1524876506888,-121.96637879,38.3586974,34.452,333.2,60.566666,31.37255,0.0,0.0,0.0,76.2,25.913334,1192.0133,340.07,34.509804,2036.75,3.5474396,1.56,21.73913
1524876248474,1524876507889,-121.96646222,38.35876912,38.88,322.4,60.566666,31.37255,0.0,0.0,0.0,79.8,27.061777,1089.2365,339.12,34.509804,2294.5,3.5455322,1.56,24.84472
1524876248474,1524876508888,-121.96654194,38.35886312,42.767998,323.5,60.566666,31.37255,0.0,0.0,0.0,83.4,28.242579,1033.4216,338.64,34.509804,2570.125,3.5404968,1.56,27.329193
1524876248474,1524876509888,-121.96663456,38.35895691,46.368,327.3,60.566666,31.37255,0.0,0.0,0.0,85.8,29.083628,975.5133,338.97,34.509804,2795.125,3.5404968,1.56,29.813665
1524876248474,1524876510889,-121.96672148,38.35904074,49.248,324.3,60.566666,31.37255,0.0,0.0,0.0,90.6,30.684406,1029.2062,338.68,34.509804,2795.125,3.5404968,1.56,29.813665
1524876248474,1524876511888,-121.96681164,38.35915865,53.064,322.4,60.566666,31.37255,0.0,0.0,0.0,90.6,30.684406,932.1112,338.68,34.509804,3075.875,3.5380554,1.56,32.919254
1524876248474,1524876512888,-121.96692577,38.35925956,53.387997,320.3,60.566666,31.37255,0.0,0.0,0.0,69.9,23.843588,710.89215,341.11,34.509804,3229.0,3.5380554,1.56,33.54037
1524876248474,1524876513889,-121.9670309,38.35935552,52.632,320.2,60.566666,31.37255,0.0,0.0,0.0,19.5,6.68499,199.31174,342.82,34.509804,3207.75,3.5749054,1.56,33.54037
1524876248474,1524876514889,-121.96713804,38.35945877,53.172,321.2,60.566666,31.37255,0.0,0.0,0.0,38.1,12.99629,380.43686,341.11,34.509804,3217.875,3.5674286,1.56,34.16149
1524876248474,1524876515888,-121.96725271,38.35957264,54.36,323.2,60.566666,31.37255,0.0,0.0,0.0,54.9,18.685764,546.9833,340.36,34.509804,3268.125,3.553009,1.56,34.16149
1524876248474,1524876516888,-121.96736502,38.35967918,55.62,324.8,60.566666,31.37255,0.0,0.0,0.0,67.8,23.03573,674.3186,339.76,34.509804,3347.875,3.5474396,1.56,34.16149
1524876248474,1524876517888,-121.96747961,38.35979016,57.275997,321.6,60.566666,31.37255,0.0,0.0,0.0,40.8,13.957272,394.23172,342.09,34.509804,3347.875,3.5474396,1.56,35.40373
1524876248474,1524876518889,-121.96757993,38.35989738,55.151997,322.4,60.566666,31.37255,0.0,0.0,0.0,1.5,0.51447004,14.791013,342.98,34.509804,3341.25,3.5492706,1.56,34.782608
1524876248474,1524876519888,-121.96768442,38.36000226,54.468,321.7,60.566666,31.37255,0.0,0.0,0.0,49.5,16.97751,506.18134,342.98,34.509804,3235.625,3.5849,1.56,33.54037
1524876248474,1524876520888,-121.96779344,38.36010957,52.451996,321.7,60.566666,31.37255,0.0,0.0,0.0,49.5,16.9191,513.9575,341.8,34.509804,3157.25,3.557434,1.56,32.919254
1524876248474,1524876521889,-121.96788872,38.3602056,49.139996,321.6,60.566666,31.37255,0.0,0.0,0.0,-18.85,-6.5155025,-214.0808,345.65,34.509804,2964.5,3.5936737,1.56,30.434782
1524876248474,1524876522889,-121.96799,38.36029899,48.132,321.8,60.566666,31.37255,0.0,0.0,0.0,30.6,10.452043,350.57892,341.57,34.509804,2859.75,3.5692596,1.56,29.813665
1524876248474,1524876523888,-121.96808082,38.36039728,48.707996,322.7,60.566666,31.37255,0.0,0.0,0.0,46.8,15.958331,535.26904,340.99,34.509804,2865.0,3.5643005,1.56,29.813665
1524876248474,1524876524888,-121.96818092,38.36050107,50.436,322.6,60.566666,31.37255,0.0,0.0,0.0,66.0,22.435379,752.52,339.93,34.509804,2937.875,3.5643005,1.56,29.813665
1524876248474,1524876525888,-121.96827507,38.36059812,51.587997,322.3,60.566666,31.37255,0.0,0.0,0.0,66.0,22.435379,722.41925,339.93,34.509804,2937.875,3.5486603,1.56,31.0559
1524876248474,1524876526888,-121.96837373,38.3607016,53.387997,321.9,60.566666,31.37255,0.0,0.0,0.0,72.3,24.539345,774.6734,339.41,34.509804,3033.5,3.5424042,1.56,31.67702
1524876248474,1524876527888,-121.9684771,38.36080476,53.927998,321.5,60.566666,31.37255,0.0,0.0,0.0,14.7,5.044452,153.23712,343.16,34.509804,3101.25,3.5411835,1.56,32.919254
1524876248474,1524876528889,-121.96858068,38.36091161,52.272,321.5,60.566666,31.37255,0.0,0.0,0.0,3.0,1.02714,31.801836,342.38,34.509804,3082.5,3.5567474,1.56,32.298138
1524876248474,1524876529888,-121.96867702,38.3610017,51.336,321.2,60.566666,31.37255,0.0,0.0,0.0,3.0,1.02714,33.07391,342.38,34.509804,2985.375,3.5817719,1.56,31.0559
1524876248474,1524876530888,-121.96877506,38.36109641,50.148,321.4,60.566666,31.37255,0.0,0.0,0.0,39.3,13.400515,431.49655,340.98,34.509804,2965.625,3.5623932,1.56,31.0559
1524876248474,1524876531889,-121.96886292,38.36119467,46.188,323.4,60.566666,31.37255,0.0,0.0,0.0,-45.55,-15.771232,-577.0837,346.24,34.509804,2703.375,3.606186,1.56,27.329193
1524876248474,1524876532889,-121.96894439,38.36127264,41.399998,322.5,60.566666,31.37255,0.0,0.0,0.0,-42.25,-14.634978,-574.6906,346.39,34.509804,2475.125,3.609314,1.56,25.46584
1524876248474,1524876533888,-121.96901817,38.36135076,37.656,323.0,60.566666,31.37255,0.0,0.0,0.0,-39.55,-13.705261,-538.1822,346.53,34.509804,2231.375,3.6054993,1.56,25.46584
1524876248474,1524876534888,-121.96908217,38.36141928,31.932,322.4,60.566666,31.37255,0.0,0.0,0.0,-65.35,-22.748335,-1017.3561,348.1,34.509804,1863.25,3.6242676,1.56,22.360249
1524876248474,1524876535888,-121.96913361,38.36147442,26.387999,321.7,60.566666,31.37255,0.0,0.0,0.0,-47.65,-16.565046,-888.99084,347.64,34.509804,1863.25,3.6242676,1.56,18.633541
1524876248474,1524876536888,-121.96918128,38.3615272,22.68,322.7,60.566666,31.37255,0.0,0.0,0.0,-23.05,-16.565046,-1111.2385,347.64,34.509804,1500.875,3.6130524,1.56,14.906833
1524876248474,1524876537889,-121.96922176,38.36156928,19.404,321.4,60.566666,31.37255,0.0,0.0,0.0,-23.05,-7.967002,-610.80347,345.64,34.509804,1304.5,3.6005402,1.56,13.043478
1524876248474,1524876538888,-121.96925827,38.36160073,15.228,321.8,60.566666,31.37255,0.0,0.0,0.0,-25.45,-8.807991,-834.1685,346.09,34.509804,1089.75,3.5993195,1.56,10.559006
1524876248474,1524876539889,-121.96928585,38.36162798,11.915999,321.4,60.566666,31.37255,0.0,0.0,0.0,-23.05,-7.9812927,-1070.8235,346.26,34.509804,820.125,3.6030579,1.56,7.4534163
1524876248474,1524876540888,-121.9693012,38.36164659,7.92,323.0,60.566666,31.37255,0.0,0.0,0.0,-15.85,-5.4785523,-735.0391,345.65,34.509804,585.25,3.5968018,1.56,4.347826
1524876248474,1524876541888,-121.96931493,38.36166053,6.0119996,320.8,60.566666,31.37255,0.0,0.0,0.0,-2.65,-0.91178554,-209.71068,344.07,34.509804,377.5,3.5905457,1.56,4.347826
1524876248474,1524876542888,-121.96932715,38.36167204,5.724,321.1,60.566666,31.37255,0.0,0.0,0.0,-0.25,-0.0861725,-23.122953,344.69,34.509804,344.75,3.5905457,1.56,3.7267082
1524876248474,1524876543888,-121.96933781,38.36168335,4.752,321.2,60.566666,31.37255,0.0,0.0,0.0,-2.05,-0.0861725,-27.747545,344.69,34.509804,344.75,3.5892487,1.56,3.10559
1524876248474,1524876544888,-121.96934647,38.36168758,3.024,322.6,60.566666,31.37255,0.0,0.0,0.0,-0.85,-0.7056715,-284.03278,344.23,34.509804,270.625,3.5899353,1.56,2.484472
1524876248474,1524876545888,-121.96934961,38.36169193,1.008,320.7,60.566666,31.37255,0.0,0.0,0.0,-0.85,-0.2925955,-235.5394,344.23,34.509804,171.5,3.5899353,1.56,1.242236
1524876248474,1524876548364,-121.96935415,38.36169651,0.0,0.0,60.566666,31.37255,0.0,0.0,0.0,0.9,0.309807,Infinity,344.23,34.509804,26.375,3.5886383,1.56,0.0
1524876248474,1524876549363,-121.96935344,38.36169859,0.0,0.0,60.566666,31.37255,192.0,0.0,0.0,1.2,0.413652,Infinity,344.71,34.509804,18.0,3.5886383,1.56,0.0
1524876248474,1524876550363,-121.96935442,38.36170088,0.0,0.0,60.566666,31.37255,376.0,0.0,0.0,1.2,0.4131,Infinity,344.25,34.509804,1.25,3.5886383,1.56,0.0
1524876248474,1524876551363,-121.96935462,38.36170164,0.0,0.0,60.566666,31.37255,376.0,0.0,0.0,1.2,0.412692,Infinity,343.91,34.509804,0.0,3.5886383,1.56,0.0
1524876248474,1524876552363,-121.96935423,38.36170174,0.0,0.0,60.566666,31.37255,376.0,0.0,0.0,1.2,0.41307604,Infinity,344.23,34.509804,0.0,3.5886383,1.56,0.0
1524876248474,1524876553363,-121.96935309,38.36170309,0.0,0.0,60.566666,31.37255,376.0,0.0,0.0,1.2,0.41344804,Infinity,344.54,34.509804,0.0,3.5892487,1.56,0.0
1524876248474,1524876554364,-121.96935299,38.3616972,0.0,0.0,60.566666,31.37255,376.0,0.0,0.0,1.2,0.41344804,Infinity,344.54,34.509804,0.0,3.5892487,1.56,0.0
1524876248474,1524876555363,-121.969355,38.36170027,0.0,0.0,60.566666,31.37255,376.0,0.0,0.0,1.2,0.41328,Infinity,344.4,34.509804,0.0,3.5886383,1.56,0.0
1524876248474,1524876556364,-121.96935635,38.36169544,0.0,0.0,60.566666,31.37255,376.0,0.0,0.0,1.2,0.41344804,Infinity,344.54,34.509804,6.125,3.5892487,1.56,0.0
1524876248474,1524876557363,-121.96935674,38.36169151,0.0,0.0,60.566666,31.37255,0.0,0.0,0.0,4.2,1.4451358,Infinity,344.08,34.509804,158.125,3.5861206,1.56,0.0
1524876248474,1524876558363,-121.96936717,38.36169723,6.048,323.9,60.566666,31.37255,0.0,0.0,0.0,25.8,8.8494,3561.8833,343.0,34.509804,598.625,3.577423,1.56,2.484472
1524876248474,1524876559363,-121.96938601,38.3617129,12.384,324.4,60.566666,31.37255,0.0,0.0,0.0,30.0,10.2753,1503.9303,342.51,34.509804,598.625,3.577423,1.56,6.8322983
1524876248474,1524876560363,-121.96941645,38.36173638,17.028,320.6,60.566666,31.37255,0.0,0.0,0.0,1.2,0.41101202,38.92526,345.18,34.509804,940.25,3.571167,1.56,10.559006
1524876248474,1524876561363,-121.96945191,38.36177143,17.496,320.6,60.566666,31.37255,0.0,0.0,0.0,1.2,0.414216,37.04932,345.18,34.509804,1079.625,3.5792542,1.56,11.180124
1524876248474,1524876562364,-121.96948601,38.36180585,17.136,321.2,60.566666,31.37255,0.0,0.0,0.0,-5.05,-1.7423006,-155.83911,345.01,34.509804,1011.875,3.5917664,1.56,11.180124
1524876248474,1524876563365,-121.969513,38.36183491,14.22,321.3,60.566666,31.37255,0.0,0.0,0.0,-14.05,-4.854275,-488.46143,345.5,34.509804,888.25,3.5961914,1.56,9.937888
1524876248474,1524876564363,-121.96954003,38.36186185,14.004,321.2,60.566666,31.37255,0.0,0.0,0.0,-2.65,-0.91467404,-105.187515,345.16,34.509804,886.625,3.591156,1.56,8.695652
1524876248474,1524876565363,-121.9695767,38.36187109,13.283999,312.1,60.566666,31.37255,0.0,0.0,0.0,-0.55,-0.18932651,-20.321045,344.23,34.509804,886.625,3.591156,1.56,9.316771
1524876248474,1524876566364,-121.96960954,38.36189603,13.752,312.5,60.566666,31.37255,0.0,0.0,0.0,-0.55,-0.18932651,-19.05098,344.23,34.509804,969.875,3.5917664,1.56,9.937888
1524876248474,1524876567363,-121.96964528,38.36192254,15.947999,314.2,60.566666,31.37255,0.0,0.0,0.0,11.7,4.014972,323.20523,343.16,34.509804,1113.625,3.5836792,1.56,12.42236
1524876248474,1524876568363,-121.96968296,38.36195564,19.116,318.6,60.566666,31.37255,0.0,0.0,0.0,27.3,9.3510685,752.76105,342.53,34.509804,1348.125,3.5755157,1.56,12.42236
1524876248474,1524876569364,-121.96972811,38.3619986,22.571999,316.2,60.566666,31.37255,0.0,0.0,0.0,24.3,8.346078,559.8827,343.46,34.509804,1539.75,3.572998,1.56,14.906833
1524876248474,1524876570363,-121.96977505,38.36203838,23.58,314.3,60.566666,31.37255,0.0,0.0,0.0,-5.65,-1.9474986,-120.5951,344.69,34.509804,1575.25,3.591156,1.56,16.149069
1524876248474,1524876571364,-121.96981551,38.36207606,23.039999,312.9,60.566666,31.37255,0.0,0.0,0.0,-25.15,-1.9474986,-120.5951,344.69,34.509804,1575.25,3.591156,1.56,16.149069
1524876248474,1524876572363,-121.96986084,38.36211219,20.772,312.3,60.566666,31.37255,0.0,0.0,0.0,-25.15,-8.700391,-583.65125,345.94,34.509804,1524.75,3.5986328,1.56,14.906833
1524876248474,1524876573363,-121.9699022,38.36214779,17.352,319.4,60.566666,31.37255,0.0,0.0,0.0,-30.25,-10.473155,-733.12085,346.22,34.509804,1385.25,3.6067963,1.56,14.285714
1524876248474,1524876574363,-121.96993024,38.36220701,17.424,333.2,60.566666,31.37255,0.0,0.0,0.0,-12.55,-4.3298755,-303.0913,345.01,34.509804,1365.125,3.5961914,1.56,14.285714
1524876248474,1524876575364,-121.96993451,38.36225686,16.919998,353.5,60.566666,31.37255,0.0,0.0,0.0,-2.65,-0.91467404,-61.359383,345.16,34.509804,1405.5,3.594284,1.56,14.906833
1524876248474,1524876576363,-121.96992118,38.36230975,18.72,17.7,60.566666,31.37255,0.0,0.0,0.0,15.0,5.1592503,346.0997,343.95,34.509804,1405.5,3.594284,1.56,14.906833
1524876248474,1524876577363,-121.96985702,38.36236327,23.831999,45.1,60.566666,31.37255,0.0,0.0,0.0,21.9,7.511262,465.12045,342.98,34.509804,1547.625,3.5842896,1.56,16.149069
1524876248474,1524876578363,-121.96979147,38.36241237,27.9,54.6,60.566666,31.37255,0.0,0.0,0.0,31.8,10.891818,604.6837,342.51,34.509804,1710.125,3.5836792,1.56,18.012423
1524876248474,1524876579363,-121.96969698,38.36245178,32.364,58.2,60.566666,31.37255,0.0,0.0,0.0,31.8,10.891818,547.99457,342.51,34.509804,1874.625,3.5755157,1.56,19.875776
1524876248474,1524876580363,-121.96959561,38.36249643,36.395996,62.4,60.566666,31.37255,0.0,0.0,0.0,21.0,7.21623,363.0666,343.63,34.509804,2138.125,3.577423,1.56,19.875776
1524876248474,1524876581364,-121.96949154,38.36254816,38.556,62.4,60.566666,31.37255,0.0,0.0,0.0,21.0,7.21623,314.00354,343.63,34.509804,2138.125,3.577423,1.56,22.981367
1524876248474,1524876582364,-121.96938182,38.36259895,39.672,62.9,60.566666,31.37255,0.0,0.0,0.0,15.3,5.250348,216.74515,343.16,34.509804,2315.625,3.5805511,1.56,24.223602
1524876248474,1524876583365,-121.96927438,38.36265875,41.292,61.5,60.566666,31.37255,0.0,0.0,0.0,15.0,5.1519,212.681,343.46,34.509804,2477.25,3.5811615,1.56,24.223602
1524876248474,1524876584363,-121.96915723,38.36271472,43.595997,62.0,60.566666,31.37255,0.0,0.0,0.0,15.0,5.1519,197.4895,343.46,34.509804,2477.25,3.5811615,1.56,26.086956
1524876248474,1524876585363,-121.96903307,38.36277064,45.756,63.1,60.566666,31.37255,0.0,0.0,0.0,14.4,4.9458237,180.97218,343.46,34.509804,2596.125,3.5823822,1.56,27.329193
1524876248474,1524876586364,-121.96891298,38.36283003,45.072,61.9,60.566666,31.37255,0.0,0.0,0.0,-12.55,-4.310423,-157.72229,344.82,34.509804,2596.125,3.5823822,1.56,27.329193
1524876248474,1524876587364,-121.96879149,38.36288492,45.216,60.4,60.566666,31.37255,0.0,0.0,0.0,-12.55,-4.3274913,-158.34683,344.82,34.509804,2616.5,3.5968018,1.56,27.329193
1524876248474,1524876588363,-121.96866134,38.36294021,45.395996,46.4,60.566666,31.37255,0.0,0.0,0.0,-11.95,-4.120599,-150.77646,344.82,34.509804,2619.5,3.597412,1.56,27.329193
1524876248474,1524876589364,-121.96853681,38.36299512,45.792,61.6,60.566666,31.37255,0.0,0.0,0.0,-11.65,-4.0154057,-150.34425,344.67,34.509804,2584.75,3.597412,1.56,26.708075
1524876248474,1524876590364,-121.96841063,38.36305144,46.188,61.3,60.566666,31.37255,0.0,0.0,0.0,2.4,0.82684803,30.25512,344.52,34.509804,2612.125,3.5905457,1.56,27.329193
1524876248474,1524876591364,-121.96828381,38.36310167,46.511997,62.1,60.566666,31.37255,0.0,0.0,0.0,29.4,10.069794,368.46292,342.51,34.509804,2709.75,3.5780334,1.56,27.329193
1524876248474,1524876592364,-121.9681521,38.36315679,47.916,61.9,60.566666,31.37255,0.0,0.0,0.0,29.4,10.069794,352.4428,342.51,34.509804,2709.75,3.5780334,1.56,28.571428
1524876248474,1524876593364,-121.96801968,38.36321231,48.384,63.0,60.566666,31.37255,0.0,0.0,0.0,30.3,10.3735075,363.07275,342.36,34.509804,2871.75,3.5780334,1.56,28.571428
1524876248474,1524876594363,-121.96787994,38.36326681,49.427998,63.5,60.566666,31.37255,0.0,0.0,0.0,30.3,10.3735075,363.07275,342.36,34.509804,2871.75,3.572998,1.56,28.571428
1524876248474,1524876595364,-121.9677423,38.36332129,49.248,63.9,60.566666,31.37255,0.0,0.0,0.0,30.3,10.3735075,334.02695,342.36,34.509804,2871.75,3.572998,1.56,31.0559
1524876248474,1524876596363,-121.96759422,38.36337373,50.112,63.5,60.566666,31.37255,0.0,0.0,0.0,30.3,10.3735075,334.02695,342.36,34.509804,2871.75,3.572998,1.56,31.0559
1524876248474,1524876597364,-121.96744801,38.36342852,51.372,63.0,60.566666,31.37255,0.0,0.0,0.0,30.3,10.3735075,334.02695,342.36,34.509804,2871.75,3.572998,1.56,31.0559
1524876248474,1524876598363,-121.96729776,38.36348691,52.92,64.3,60.566666,31.37255,0.0,0.0,0.0,30.3,10.3735075,334.02695,342.36,34.509804,2871.75,3.572998,1.56,31.0559
1524876248474,1524876599364,-121.96715228,38.36356737,54.684,62.3,60.566666,31.37255,0.0,0.0,0.0,49.2,16.783596,540.4318,341.13,34.509804,3273.75,3.5605621,1.56,31.0559
1524876248474,1524876600364,-121.96699425,38.36363326,56.267998,61.0,60.566666,31.37255,0.0,0.0,0.0,49.2,16.783596,482.5284,341.13,34.509804,3273.75,3.5605621,1.56,34.782608
1524876248474,1524876601364,-121.96683445,38.36370518,57.672,62.3,60.566666,31.37255,0.0,0.0,0.0,49.2,16.783596,482.5284,341.13,34.509804,3273.75,3.5605621,1.56,34.782608
1524876248474,1524876602363,-121.96666841,38.36377956,59.615997,63.2,60.566666,31.37255,0.0,0.0,0.0,70.2,23.862385,686.0435,339.92,34.509804,3565.5,3.549881,1.56,38.509315
1524876248474,1524876603364,-121.96649207,38.36385025,61.848,62.9,60.566666,31.37255,0.0,0.0,0.0,70.2,23.862385,619.6522,339.92,34.509804,3565.5,3.549881,1.56,38.509315
1524876248474,1524876604363,-121.96630516,38.36392412,64.296,62.3,60.566666,31.37255,0.0,0.0,0.0,79.5,26.959244,700.0707,339.11,34.509804,3813.25,3.5417938,1.56,38.509315
1524876248474,1524876605364,-121.96612616,38.36400055,66.42,60.1,60.566666,31.37255,0.0,0.0,0.0,79.5,26.959244,700.0707,339.11,34.509804,3813.25,3.5417938,1.56,38.509315
1524876248474,1524876606363,-121.96594082,38.36408674,68.436,58.7,60.566666,31.37255,0.0,0.0,0.0,77.1,26.111458,618.2272,338.67,34.509804,4122.0,3.5417938,1.56,42.236023
1524876248474,1524876607363,-121.96576053,38.3641808,70.272,57.7,60.566666,31.37255,0.0,0.0,0.0,77.1,26.111458,618.2272,338.67,34.509804,4122.0,3.537445,1.56,42.236023
1524876248474,1524876608363,-121.96557239,38.36427653,71.46,56.1,60.566666,31.37255,0.0,0.0,0.0,2.7,0.931986,20.840242,345.18,34.509804,4122.0,3.537445,1.56,44.720497
1524876248474,1524876609363,-121.96538564,38.36439223,70.632,54.9,60.566666,31.37255,0.0,0.0,0.0,2.7,0.931986,20.840242,345.18,34.509804,4215.875,3.6036682,1.56,44.720497
1524876248474,1524876610363,-121.96521945,38.36450436,68.148,53.6,60.566666,31.37255,0.0,0.0,0.0,-60.85,-21.08635,-499.25034,346.53,34.509804,4215.875,3.6036682,1.56,42.236023
1524876248474,1524876611363,-121.96506103,38.36460903,64.908,51.0,60.566666,31.37255,0.0,0.0,0.0,-60.85,-21.08635,-499.25034,346.53,34.509804,3857.125,3.6036682,1.56,42.236023
1524876248474,1524876612363,-121.96491203,38.36470905,62.208,48.9,60.566666,31.37255,0.0,0.0,0.0,-60.85,-21.08635,-547.5649,346.53,34.509804,3857.125,3.614273,1.56,38.509315
1524876248474,1524876613363,-121.96477309,38.3648091,59.76,45.0,60.566666,31.37255,0.0,0.0,0.0,-53.65,-18.649813,-484.29355,347.62,34.509804,3472.125,3.614273,1.56,38.509315
1524876248474,1524876614363,-121.96464651,38.36491463,57.527996,42.9,60.566666,31.37255,0.0,0.0,0.0,-51.55,-17.919811,-506.15604,347.6,34.509804,3472.125,3.614273,1.56,35.40373
1524876248474,1524876615364,-121.96452933,38.36502233,54.972,40.4,60.566666,31.37255,0.0,0.0,0.0,-51.55,-17.91878,-534.2451,347.6,34.509804,3225.25,3.6193085,1.56,33.54037
1524876248474,1524876616363,-121.96442751,38.36512118,52.163998,42.2,60.566666,31.37255,0.0,0.0,0.0,-57.25,-19.917849,-593.8469,347.91,34.509804,2956.0,3.6193085,1.56,33.54037
1524876248474,1524876617363,-121.96432898,38.36522376,49.607998,38.5,60.566666,31.37255,0.0,0.0,0.0,-67.15,-23.362158,-767.6138,348.74,34.509804,2956.0,3.6186218,1.56,30.434782
1524876248474,1524876618363,-121.9642527,38.36532395,45.936,32.6,60.566666,31.37255,0.0,0.0,0.0,-67.15,-23.41789,-856.8819,348.74,34.509804,2685.0,3.6224365,1.56,27.329193
1524876248474,1524876619363,-121.96418786,38.36542075,40.68,17.4,60.566666,31.37255,0.0,0.0,0.0,-89.35,-31.324322,-1363.0312,350.58,34.509804,2303.5,3.634262,1.56,22.981367
1524876248474,1524876620363,-121.96414821,38.36549813,33.732,18.7,60.566666,31.37255,0.0,0.0,0.0,-77.05,-26.905863,-1397.369,349.2,34.509804,1958.25,3.6386871,1.56,19.254658
1524876248474,1524876621364,-121.96412159,38.36556903,28.331999,13.0,60.566666,31.37255,0.0,0.0,0.0,-51.55,-17.936823,-1155.1313,347.95,34.509804,1616.125,3.6242676,1.56,15.52795
1524876248474,1524876622363,-121.96410445,38.36562663,22.859999,11.9,60.566666,31.37255,0.0,0.0,0.0,-31.15,-10.838643,-698.0086,347.95,34.509804,1616.125,3.6242676,1.56,15.52795
1524876248474,1524876623364,-121.96408005,38.36567196,18.252,6.3,60.566666,31.37255,0.0,0.0,0.0,-31.15,-10.784753,-964.6362,346.22,34.509804,1135.0,3.6130524,1.56,11.180124
1524876248474,1524876624364,-121.96406424,38.36570884,13.643999,7.7,60.566666,31.37255,0.0,0.0,0.0,-19.75,-6.8415976,-917.91437,346.41,34.509804,778.0,3.6042786,1.56,7.4534163
1524876248474,1524876625363,-121.9640418,38.36572862,10.115999,11.8,60.566666,31.37255,0.0,0.0,0.0,-10.15,-3.5033739,-470.036,345.16,34.509804,471.5,3.6042786,1.56,7.4534163
1524876248474,1524876626364,-121.96403605,38.36574481,6.264,16.7,60.566666,31.37255,0.0,0.0,0.0,-10.15,-3.5033739,-940.072,345.16,34.509804,471.5,3.5999298,1.56,3.7267082
1524876248474,1524876627363,-121.96403294,38.36575666,4.4639997,19.8,60.566666,31.37255,0.0,0.0,0.0,-0.25,-0.0862525,-23.14442,345.01,34.509804,267.5,3.5999298,1.56,3.7267082
1524876248474,1524876628363,-121.96402616,38.3657646,2.988,18.5,60.566666,31.37255,0.0,0.0,0.0,-0.25,-0.0862525,-23.14442,345.01,34.509804,267.5,3.594284,1.56,3.7267082
1524876248474,1524876629363,-121.96402256,38.36577126,0.93599993,18.5,60.566666,31.37255,0.0,0.0,0.0,-0.25,-0.0862525,-23.14442,345.01,34.509804,267.5,3.594284,1.56,3.7267082
1524876248474,1524876630364,-121.9640207,38.36577488,0.756,19.0,60.566666,31.37255,0.0,0.0,0.0,-0.25,-0.0862525,-Infinity,345.01,34.509804,267.5,3.594284,1.56,0.0
1524876248474,1524876631363,-121.96401912,38.36577606,0.9,18.6,60.566666,31.37255,0.0,0.0,0.0,-0.25,-0.0862525,-Infinity,345.01,34.509804,267.5,3.594284,1.56,0.0
1524876248474,1524876632363,-121.96401835,38.36577498,0.86399996,18.9,60.566666,31.37255,284.0,0.0,0.0,1.2,0.414012,Infinity,344.37,34.509804,267.5,3.594284,1.56,0.0
1524876248474,1524876633363,-121.96401806,38.36577799,0.756,19.1,60.566666,31.37255,284.0,0.0,0.0,1.2,0.413244,Infinity,344.37,34.509804,0.5,3.5923767,1.56,0.0
1524876248474,1524876634363,-121.96401671,38.36577797,0.576,18.9,60.566666,31.37255,284.0,0.0,0.0,1.2,0.413244,Infinity,344.37,34.509804,0.5,3.5923767,1.56,0.0
1524876248474,1524876635363,-121.9640165,38.36577808,0.54,19.6,60.566666,31.37255,284.0,0.0,0.0,1.2,0.413244,Infinity,344.37,34.509804,0.5,3.5923767,1.56,0.0
1524876248474,1524876636364,-121.96401721,38.36578062,0.0,0.0,60.566666,31.37255,284.0,0.0,0.0,1.2,0.413244,Infinity,344.37,34.509804,0.5,3.5923767,1.56,0.0
1524876248474,1524876637363,-121.96401593,38.36578094,0.0,0.0,60.566666,31.37255,284.0,0.0,0.0,1.2,0.41380802,Infinity,344.84,34.509804,0.0,3.5923767,1.56,0.0
1524876248474,1524876638364,-121.96401535,38.3657822,0.0,0.0,60.566666,31.37255,284.0,0.0,0.0,1.2,0.41380802,Infinity,344.84,34.509804,0.0,3.5923767,1.56,0.0
1524876248474,1524876639363,-121.96401378,38.36578067,0.0,0.0,60.566666,31.37255,284.0,0.0,0.0,1.2,0.413064,Infinity,344.22,34.509804,1.25,3.5923767,1.56,0.0
1524876248474,1524876640364,-121.96401535,38.36578058,0.0,0.0,60.566666,31.37255,284.0,0.0,0.0,1.2,0.41378403,Infinity,344.82,34.509804,1.25,3.5923767,1.56,0.0
1524876248474,1524876641364,-121.9640144,38.36578072,0.576,20.0,60.566666,31.37255,284.0,0.0,0.0,1.2,0.41378403,Infinity,344.82,34.509804,0.875,3.5923767,1.56,0.0
1524876248474,1524876642364,-121.96401417,38.36577995,0.0,0.0,60.566666,31.37255,284.0,0.0,0.0,1.2,0.41378403,Infinity,344.82,34.509804,0.875,3.5923767,1.56,0.0
1524876248474,1524876643363,-121.96401402,38.36577861,0.0,0.0,60.566666,31.37255,284.0,0.0,0.0,1.2,0.41380802,Infinity,344.84,34.509804,0.375,3.5923767,1.56,0.0
1524876248474,1524876644363,-121.96401348,38.36577898,0.0,0.0,60.566666,31.37255,284.0,0.0,0.0,1.2,0.413064,Infinity,344.22,34.509804,0.375,3.5923767,1.56,0.0
1524876248474,1524876645363,-121.9640128,38.36577901,0.0,0.0,60.566666,31.37255,284.0,0.0,0.0,1.2,0.413064,Infinity,344.22,34.509804,0.25,3.5923767,1.56,0.0
1524876248474,1524876646363,-121.96401254,38.36578077,0.0,0.0,60.566666,31.37255,284.0,0.0,0.0,1.2,0.413244,Infinity,344.37,34.509804,0.0,3.5923767,1.56,0.0
1524876248474,1524876647364,-121.96401163,38.36578204,0.612,17.8,60.566666,31.37255,284.0,0.0,0.0,1.2,0.41326803,Infinity,344.39,34.509804,0.25,3.5923767,1.56,0.0
1524876248474,1524876648363,-121.96401043,38.36578386,0.86399996,18.8,60.566666,31.37255,284.0,0.0,0.0,1.2,0.41326803,Infinity,344.39,34.509804,0.625,3.5923767,1.56,0.0
1524876248474,1524876649363,-121.96400811,38.36578851,1.4039999,17.6,60.566666,31.37255,284.0,0.0,0.0,1.2,0.413628,Infinity,344.69,34.509804,0.5,3.5923767,1.56,0.0
1524876248474,1524876650363,-121.96400666,38.36578908,1.26,17.3,60.566666,31.37255,284.0,0.0,0.0,1.2,0.413988,Infinity,344.99,34.509804,0.0,3.5917664,1.56,0.0
1524876248474,1524876651363,-121.96400494,38.36579351,1.512,18.6,60.566666,31.37255,284.0,0.0,0.0,1.2,0.413988,Infinity,344.99,34.509804,0.0,3.5917664,1.56,0.0
1524876248474,1524876652363,-121.96400468,38.36579631,1.584,18.6,60.566666,31.37255,284.0,0.0,0.0,1.2,0.413832,Infinity,344.86,34.509804,0.125,3.5917664,1.56,0.0
1524876248474,1524876653364,-121.96400515,38.36579707,1.3679999,18.7,60.566666,31.37255,284.0,0.0,0.0,1.2,0.413244,Infinity,344.37,34.509804,0.375,3.5923767,1.56,0.0
1524876248474,1524876654363,-121.96400575,38.365797,1.1159999,18.9,60.566666,31.37255,284.0,0.0,0.0,1.2,0.41326803,Infinity,344.39,34.509804,0.25,3.5923767,1.56,0.0
1524876248474,1524876655363,-121.96400515,38.36579892,1.152,19.5,60.566666,31.37255,284.0,0.0,0.0,1.5,0.51726,Infinity,344.84,34.509804,0.125,3.5923767,1.56,0.0
1524876248474,1524876656364,-121.96400516,38.36579449,0.756,15.0,60.566666,31.37255,284.0,0.0,0.0,1.2,0.413832,Infinity,344.86,34.509804,0.375,3.5923767,1.56,0.0
1524876248474,1524876657363,-121.96400398,38.36579482,0.54,19.0,60.566666,31.37255,284.0,0.0,0.0,1.5,0.517515,Infinity,345.01,34.509804,1.375,3.5917664,1.56,0.0
1524876248474,1524876658363,-121.96400468,38.36579278,0.0,0.0,60.566666,31.37255,284.0,0.0,0.0,1.5,0.517515,Infinity,345.01,34.509804,0.125,3.5917664,1.56,0.0
1524876248474,1524876659363,-121.96400276,38.36579723,0.0,0.0,60.566666,31.37255,284.0,0.0,0.0,1.5,0.517035,Infinity,344.69,34.509804,0.375,3.5917664,1.56,0.0
1524876248474,1524876660364,-121.96400336,38.36579486,0.0,0.0,60.566666,31.37255,284.0,0.0,0.0,1.5,0.51774,Infinity,345.16,34.509804,0.625,3.5917664,1.56,0.0
1524876248474,1524876661363,-121.9640051,38.36579237,0.0,0.0,60.566666,31.37255,284.0,0.0,0.0,1.5,0.51774,Infinity,345.16,34.509804,0.625,3.5917664,1.56,0.0
1524876248474,1524876662364,-121.96400641,38.36579058,0.612,18.0,60.566666,31.37255,284.0,0.0,0.0,1.5,0.51723003,Infinity,344.82,34.509804,1.0,3.5917664,1.56,0.0
1524876248474,1524876663364,-121.96400598,38.36579271,0.0,0.0,60.566666,31.37255,284.0,0.0,0.0,1.5,0.51681,Infinity,344.54,34.509804,0.25,3.5917664,1.56,0.0
1524876248474,1524876664363,-121.96401106,38.36578293,1.008,6.8,60.566666,31.37255,284.0,0.0,0.0,1.5,0.51682496,Infinity,344.55,34.509804,0.375,3.5917664,1.56,0.0
1524876248474,1524876665363,-121.96400555,38.36578798,0.0,0.0,60.566666,31.37255,284.0,0.0,0.0,1.5,0.51682496,Infinity,344.55,34.509804,0.375,3.5917664,1.56,0.0
1524876248474,1524876666363,-121.96400447,38.36579099,0.54,346.2,60.566666,31.37255,284.0,0.0,0.0,1.5,0.517065,Infinity,344.71,34.509804,1.25,3.5917664,1.56,0.0
1524876248474,1524876667364,-121.96400276,38.36579324,0.612,14.1,60.566666,31.37255,284.0,0.0,0.0,1.5,0.516585,Infinity,344.39,34.509804,0.125,3.5917664,1.56,0.0
1524876248474,1524876668364,-121.96400498,38.36579255,0.54,14.1,60.566666,31.37255,284.0,0.0,0.0,1.5,0.51682496,Infinity,344.55,34.509804,0.0,3.5917664,1.56,0.0
1524876248474,1524876669366,-121.964007,38.36578885,0.68399996,356.6,60.566666,31.37255,272.0,0.0,0.0,1.5,0.51729,Infinity,344.86,34.509804,0.0,3.5917664,1.56,0.0
1524876248474,1524876670364,-121.96400937,38.36578761,0.972,356.6,60.566666,31.37255,252.0,0.0,0.0,1.5,0.51729,Infinity,344.86,34.509804,0.375,3.5917664,1.56,0.0
1524876248474,1524876671363,-121.96401151,38.36578986,0.792,356.6,60.566666,31.37255,252.0,0.0,0.0,1.5,0.51681,Infinity,344.54,34.509804,0.0,3.5917664,1.56,0.0
1524876248474,1524876672364,-121.9640144,38.36579455,1.152,356.6,60.566666,31.37255,252.0,0.0,0.0,1.5,0.51681,Infinity,344.54,34.509804,0.0,3.5917664,1.56,0.0
1524876248474,1524876673364,-121.96401832,38.36579367,1.224,356.6,60.566666,31.37255,252.0,0.0,0.0,1.5,0.51729,Infinity,344.86,34.509804,0.0,3.5917664,1.56,0.0
1524876248474,1524876674363,-121.96401669,38.36579386,1.188,356.6,60.566666,31.37255,252.0,0.0,0.0,1.5,0.516585,Infinity,344.39,34.509804,0.5,3.5917664,1.56,0.0
1524876248474,1524876675364,-121.96401957,38.36579287,0.972,356.6,60.566666,31.37255,252.0,0.0,0.0,1.5,0.516585,Infinity,344.54,34.509804,0.5,3.5917664,1.56,0.0
1524876248474,1524876676363,-121.96401996,38.3657962,0.972,356.6,60.566666,31.37255,244.0,0.0,0.0,1.5,0.51681,Infinity,344.54,34.509804,0.25,3.5917664,1.56,0.0
1524876248474,1524876677363,-121.96401792,38.36579818,0.648,356.6,60.566666,31.37255,244.0,0.0,0.0,1.5,0.517005,Infinity,344.67,34.509804,0.0,3.5917664,1.56,0.0
1524876248474,1524876678363,-121.96401586,38.3657998,0.0,0.0,60.566666,31.37255,244.0,0.0,0.0,1.5,0.51607496,Infinity,344.05,34.509804,0.0,3.5917664,1.56,0.0
1524876248474,1524876679364,-121.96401566,38.36580101,0.0,0.0,60.566666,31.37255,244.0,0.0,0.0,1.8,0.620478,Infinity,344.71,34.509804,0.0,3.5917664,1.56,0.0
1524876248474,1524876680363,-121.96401341,38.365802,0.0,0.0,60.566666,31.37255,244.0,0.0,0.0,1.5,0.517065,Infinity,345.18,34.509804,0.0,3.5917664,1.56,0.0
1524876248474,1524876681364,-121.96401629,38.36580456,0.0,0.0,60.566666,31.37255,244.0,0.0,0.0,1.5,0.51777,Infinity,345.18,34.509804,0.0,3.5917664,1.56,0.0
1524876248474,1524876682363,-121.96401689,38.36580451,0.0,0.0,60.566666,31.37255,244.0,0.0,0.0,1.5,0.516585,Infinity,344.39,34.509804,0.0,3.5917664,1.56,0.0
1524876248474,1524876683363,-121.96401353,38.36580443,0.0,0.0,60.566666,31.37255,244.0,0.0,0.0,1.8,0.62132394,Infinity,345.18,34.509804,0.25,3.5917664,1.56,0.0
1524876248474,1524876684363,-121.96401113,38.36580521,0.0,0.0,60.566666,31.37255,244.0,0.0,0.0,1.5,0.51681,Infinity,344.54,34.509804,0.0,3.5917664,1.56,0.0
1524876248474,1524876685363,-121.9640139,38.36580561,0.0,0.0,60.566666,31.37255,244.0,0.0,0.0,1.8,0.619902,Infinity,344.39,34.509804,0.125,3.5923767,1.56,0.0
1524876248474,1524876686363,-121.96401339,38.36580476,0.0,0.0,60.566666,31.37255,240.0,0.0,0.0,1.5,0.51726,Infinity,344.84,34.509804,0.25,3.5923767,1.56,0.0
1524876248474,1524876687364,-121.96401298,38.36580436,0.0,0.0,60.566666,31.37255,240.0,0.0,0.0,1.5,0.51682496,Infinity,344.55,34.509804,0.25,3.5917664,1.56,0.0
1524876248474,1524876688363,-121.9640117,38.36580404,0.0,0.0,60.566666,31.37255,240.0,0.0,0.0,1.5,0.51682496,Infinity,344.55,34.509804,0.0,3.5917664,1.56,0.0
1524876248474,1524876689364,-121.96401176,38.36580373,0.0,0.0,60.566666,31.37255,240.0,0.0,0.0,1.8,0.620172,Infinity,344.54,34.509804,0.0,3.5917664,1.56,0.0
1524876248474,1524876690363,-121.96400993,38.36580555,0.0,0.0,60.566666,31.37255,240.0,0.0,0.0,1.5,0.517035,Infinity,344.69,34.509804,0.0,3.5917664,1.56,0.0
1524876248474,1524876691363,-121.9640074,38.36580459,0.0,0.0,60.566666,31.37255,240.0,0.0,0.0,1.8,0.620748,Infinity,344.86,34.509804,0.0,3.5917664,1.56,0.0
1524876248474,1524876692364,-121.96400635,38.36580535,0.0,0.0,60.566666,31.37255,240.0,0.0,0.0,1.5,0.51675,Infinity,344.5,34.509804,0.0,3.5917664,1.56,0.0
1524876248474,1524876693363,-121.96400323,38.36580614,0.612,356.6,60.566666,31.37255,240.0,0.0,0.0,1.8,0.620712,Infinity,344.84,34.509804,0.0,3.5917664,1.56,0.0
1524876248474,1524876694363,-121.96399974,38.36580916,0.828,356.6,60.566666,31.37255,216.0,0.0,0.0,1.8,0.620712,Infinity,344.84,34.509804,0.125,3.5923767,1.56,0.0
1524876248474,1524876695363,-121.96399557,38.36580877,0.54,356.6,60.566666,31.37255,0.0,0.0,0.0,1.5,0.51681,Infinity,344.54,34.509804,0.125,3.5923767,1.56,0.0
1524876248474,1524876696365,-121.96399389,38.36580607,0.648,356.6,60.566666,31.37255,0.0,0.0,0.0,1.5,0.51681,Infinity,344.54,34.509804,68.375,3.5923767,1.56,0.0
1524876248474,1524876697364,-121.96399761,38.3658136,4.1039996,356.6,60.566666,31.37255,0.0,0.0,0.0,10.5,3.60633,967.69855,343.46,34.509804,290.875,3.5948944,1.56,3.7267082
1524876248474,1524876698363,-121.96399233,38.36583473,8.964,356.6,60.566666,31.37255,0.0,0.0,0.0,28.5,9.77949,1211.1522,343.14,34.509804,692.5,3.5768127,1.56,8.074534
1524876248474,1524876699363,-121.96398281,38.36586446,11.124,356.6,60.566666,31.37255,0.0,0.0,0.0,43.2,14.765328,1251.1674,341.79,34.509804,1029.375,3.5717773,1.56,11.801242
1524876248474,1524876700364,-121.96396651,38.36588454,10.764,356.6,60.566666,31.37255,0.0,0.0,0.0,55.2,18.830376,1263.2045,341.13,34.509804,1365.875,3.5636902,1.56,14.906833
1524876248474,1524876701363,-121.96393576,38.36596065,27.0,18.2,60.566666,31.37255,0.0,0.0,0.0,57.9,19.734056,1323.8263,340.83,34.509804,1365.875,3.5636902,1.56,14.906833
1524876248474,1524876702363,-121.96390661,38.36603009,30.276,14.2,60.566666,31.37255,0.0,0.0,0.0,51.3,17.5328,940.92694,341.77,34.509804,1764.25,3.5598755,1.56,18.633541
1524876248474,1524876703364,-121.96386058,38.36611467,34.595997,20.1,60.566666,31.37255,0.0,0.0,0.0,40.8,13.962984,661.18835,342.23,34.509804,2125.375,3.5598755,1.56,21.118011
1524876248474,1524876704363,-121.96382066,38.36620322,36.432,20.7,60.566666,31.37255,0.0,0.0,0.0,39.6,13.962984,624.4557,342.23,34.509804,2125.375,3.5668182,1.56,22.360249
1524876248474,1524876705364,-121.96377644,38.36629542,38.556,20.2,60.566666,31.37255,0.0,0.0,0.0,39.6,13.552308,559.46704,342.23,34.509804,2280.25,3.5692596,1.56,24.223602
1524876248474,1524876706363,-121.96372621,38.36638785,40.068,22.1,60.566666,31.37255,0.0,0.0,0.0,30.6,10.515079,434.084,343.63,34.509804,2386.375,3.5692596,1.56,24.84472
1524876248474,1524876707364,-121.96367084,38.3664759,39.348,24.6,60.566666,31.37255,0.0,0.0,0.0,-27.55,-9.570319,-385.20532,347.38,34.509804,2294.25,3.5999298,1.56,23.602484
1524876248474,1524876708364,-121.96361997,38.36655664,36.18,27.8,60.566666,31.37255,0.0,0.0,0.0,-42.85,-14.884375,-630.62744,347.36,34.509804,2085.375,3.611145,1.56,21.118011
1524876248474,1524876709364,-121.96356932,38.36663175,30.887999,26.7,60.566666,31.37255,0.0,0.0,0.0,-70.15,-24.450783,-1157.8164,348.55,34.509804,1668.25,3.6242676,1.56,21.118011
1524876248474,1524876710364,-121.96352206,38.36668734,24.515999,29.2,60.566666,31.37255,0.0,0.0,0.0,-47.05,-16.358343,-975.44196,347.68,34.509804,1343.875,3.6167908,1.56,16.770185
1524876248474,1524876711364,-121.96347541,38.36672849,20.880001,38.3,60.566666,31.37255,0.0,0.0,0.0,-47.05,-16.358343,-1254.1396,347.68,34.509804,1343.875,3.6167908,1.56,13.043478
1524876248474,1524876712364,-121.96343114,38.36675071,15.984,41.3,60.566666,31.37255,0.0,0.0,0.0,-29.35,-10.157155,-1168.0728,346.07,34.509804,961.875,3.6117554,1.56,8.695652
1524876248474,1524876713363,-121.96339145,38.366752,11.879999,75.2,60.566666,31.37255,0.0,0.0,0.0,-6.55,-2.2596846,-303.17435,344.99,34.509804,772.75,3.5986328,1.56,7.4534163
1524876248474,1524876714363,-121.96335656,38.36674379,11.808,92.5,60.566666,31.37255,0.0,0.0,0.0,5.4,1.858032,249.28595,344.08,34.509804,706.375,3.5899353,1.56,7.4534163
1524876248474,1524876715363,-121.96332053,38.36673314,12.131999,104.6,60.566666,31.37255,0.0,0.0,0.0,3.9,1.343121,180.20207,344.39,34.509804,707.0,3.5905457,1.56,7.4534163
1524876248474,1524876716363,-121.96328691,38.3667281,12.131999,99.3,60.566666,31.37255,0.0,0.0,0.0,-6.55,-2.2557547,-302.6471,345.16,34.509804,707.0,3.5905457,1.56,7.4534163
1524876248474,1524876717364,-121.96325828,38.36672785,9.936,89.5,60.566666,31.37255,0.0,0.0,0.0,-6.55,-2.260798,-363.9885,345.16,34.509804,629.625,3.5961914,1.56,6.21118
1524876248474,1524876718363,-121.96323043,38.3667332,8.172,77.3,60.566666,31.37255,0.0,0.0,0.0,-1.75,-0.602385,-121.22998,344.22,34.509804,508.75,3.5948944,1.56,4.968944
1524876248474,1524876719363,-121.96320397,38.36674154,7.668,66.9,60.566666,31.37255,0.0,0.0,0.0,1.2,0.414012,95.22276,345.01,34.509804,456.875,3.5917664,1.56,4.347826
1524876248474,1524876720363,-121.96318311,38.36675162,7.884,46.0,60.566666,31.37255,0.0,0.0,0.0,2.7,0.930717,214.06491,344.71,34.509804,438.125,3.591156,1.56,4.347826
1524876248474,1524876721363,-121.96316215,38.36676261,8.028,52.5,60.566666,31.37255,0.0,0.0,0.0,3.6,1.238652,284.88995,344.07,34.509804,461.875,3.5905457,1.56,4.347826
1524876248474,1524876722364,-121.96314292,38.36677264,7.92,49.8,60.566666,31.37255,0.0,0.0,0.0,5.4,1.8612181,428.08017,344.67,34.509804,461.875,3.5905457,1.56,4.347826
1524876248474,1524876723363,-121.96312353,38.36678855,8.459999,49.8,60.566666,31.37255,0.0,0.0,0.0,5.4,1.8612181,374.57013,344.67,34.509804,499.375,3.5899353,1.56,4.968944
1524876248474,1524876724364,-121.9631054,38.36680885,8.64,47.0,60.566666,31.37255,0.0,0.0,0.0,5.1,1.756287,314.1802,344.37,34.509804,550.25,3.5899353,1.56,5.590062
1524876248474,1524876725364,-121.96308138,38.36682464,9.144,45.6,60.566666,31.37255,0.0,0.0,0.0,4.5,1.551105,277.47546,344.69,34.509804,591.0,3.5899353,1.56,5.590062
1524876248474,1524876726364,-121.96306182,38.36683981,9.684,43.9,60.566666,31.37255,0.0,0.0,0.0,4.5,1.551105,249.7279,344.69,34.509804,591.0,3.5899353,1.56,6.21118
1524876248474,1524876727364,-121.96304056,38.3668625,10.943999,41.9,60.566666,31.37255,0.0,0.0,0.0,18.6,6.3824043,790.4362,343.14,34.509804,745.0,3.5842896,1.56,8.074534
1524876248474,1524876728363,-121.96301126,38.36688655,13.572,42.4,60.566666,31.37255,0.0,0.0,0.0,16.5,5.6674204,701.8882,343.48,34.509804,745.0,3.5842896,1.56,8.074534
1524876248474,1524876729363,-121.96297967,38.36691682,15.372,42.0,60.566666,31.37255,0.0,0.0,0.0,16.5,5.6674204,570.2842,343.48,34.509804,947.125,3.5842896,1.56,9.937888
1524876248474,1524876730364,-121.96294414,38.36694955,16.56,51.1,60.566666,31.37255,0.0,0.0,0.0,1.2,0.41342402,41.600792,344.52,34.509804,985.5,3.5905457,1.56,9.937888
1524876248474,1524876731363,-121.96291397,38.36697644,14.903999,47.5,60.566666,31.37255,0.0,0.0,0.0,1.2,0.41342402,41.600792,344.52,34.509804,985.5,3.5905457,1.56,9.937888
1524876248474,1524876732363,-121.96288113,38.36700399,13.212,46.5,60.566666,31.37255,0.0,0.0,0.0,-7.15,-2.465606,-305.35583,344.84,34.509804,808.0,3.5955048,1.56,8.074534
1524876248474,1524876733363,-121.96285252,38.36702428,11.34,48.0,60.566666,31.37255,0.0,0.0,0.0,-6.25,-2.1563125,-267.05103,345.01,34.509804,646.875,3.5955048,1.56,8.074534
1524876248474,1524876734363,-121.96282187,38.36704092,9.287999,54.8,60.566666,31.37255,0.0,0.0,0.0,-6.25,-2.1563125,-347.16632,345.01,34.509804,646.875,3.5955048,1.56,6.21118
1524876248474,1524876735364,-121.96280464,38.36705832,7.344,52.1,60.566666,31.37255,0.0,0.0,0.0,-2.35,-0.81002146,-130.41345,344.69,34.509804,437.25,3.5930634,1.56,6.21118
1524876248474,1524876736364,-121.96279863,38.36707075,5.4719996,39.2,60.566666,31.37255,0.0,0.0,0.0,-2.35,-0.81002146,-217.35576,344.69,34.509804,437.25,3.5930634,1.56,3.7267082
1524876248474,1524876737364,-121.96280018,38.36708501,3.132,18.3,60.566666,31.37255,0.0,0.0,0.0,-1.45,-0.500018,-134.1715,344.84,34.509804,235.375,3.5917664,1.56,3.7267082
1524876248474,1524876738364,-121.96280374,38.36709514,2.5559998,3.6,60.566666,31.37255,0.0,0.0,0.0,-1.45,-0.500018,-268.343,344.84,34.509804,235.375,3.5917664,1.56,1.8633541
1524876248474,1524876739363,-121.96281124,38.36710743,4.356,351.0,60.566666,31.37255,0.0,0.0,0.0,6.0,2.06358,664.4727,343.93,34.509804,299.625,3.5892487,1.56,3.10559
1524876248474,1524876740364,-121.96282277,38.36711743,5.3999996,335.2,60.566666,31.37255,0.0,0.0,0.0,7.2,2.478456,798.06287,344.23,34.509804,273.875,3.5892487,1.56,3.10559
1524876248474,1524876741363,-121.962834,38.36712705,3.2039998,325.0,60.566666,31.37255,0.0,0.0,0.0,7.2,2.478456,1330.1047,344.23,34.509804,273.875,3.5923767,1.56,1.8633541
1524876248474,1524876742364,-121.96284237,38.36713451,2.16,322.4,60.566666,31.37255,0.0,0.0,0.0,1.5,0.51726,277.5962,344.84,34.509804,96.625,3.5917664,1.56,1.8633541
1524876248474,1524876743363,-121.962846,38.36713525,1.26,321.9,60.566666,31.37255,0.0,0.0,0.0,1.5,0.5166,Infinity,344.4,34.509804,96.625,3.5917664,1.56,0.0
1524876248474,1524876744364,-121.96284854,38.36714,1.0439999,321.5,60.566666,31.37255,0.0,0.0,0.0,1.5,0.5166,Infinity,344.4,34.509804,49.75,3.5917664,1.56,0.0
1524876248474,1524876745364,-121.96284827,38.36713943,0.0,0.0,60.566666,31.37255,0.0,0.0,0.0,1.5,0.51682496,Infinity,344.55,34.509804,3.125,3.5917664,1.56,0.0
1524876248474,1524876746363,-121.96284913,38.36713922,0.54,313.9,60.566666,31.37255,536.0,0.0,0.0,1.5,0.51682496,Infinity,344.55,34.509804,3.125,3.5917664,1.56,0.0
1524876248474,1524876747364,-121.96284648,38.36714119,0.0,0.0,60.566666,31.37255,500.0,0.0,0.0,1.5,0.517515,Infinity,345.01,34.509804,0.0,3.591156,1.56,0.0
1524876248474,1524876748363,-121.96284452,38.36714184,0.0,0.0,60.566666,31.37255,332.0,0.0,0.0,1.5,0.51682496,Infinity,345.01,34.509804,0.0,3.5917664,1.56,0.0
1524876248474,1524876749363,-121.96284446,38.36714283,0.0,0.0,60.566666,31.37255,0.0,0.0,0.0,1.5,0.517515,Infinity,345.01,34.509804,0.0,3.5917664,1.56,0.0
1524876248474,1524876750363,-121.96284404,38.36714359,0.0,0.0,60.566666,31.37255,0.0,0.0,0.0,1.2,0.41380802,Infinity,344.84,34.509804,5.625,3.5917664,1.56,0.0
1524876248474,1524876751363,-121.96284597,38.36714441,0.0,0.0,60.566666,31.37255,0.0,0.0,0.0,0.0,0.0,NaN,344.69,34.509804,0.0,3.5923767,1.56,0.0
1524876248474,1524876752363,-121.96284582,38.36714582,0.0,0.0,60.566666,31.37255,0.0,0.0,0.0,0.0,0.0,NaN,344.35,34.509804,0.0,3.5923767,1.56,0.0
1524876248474,1524876753363,-121.96284558,38.36714627,0.0,0.0,60.566666,31.37255,0.0,0.0,0.0,0.0,0.0,NaN,344.99,34.509804,0.0,3.5923767,1.56,0.0
1524876248474,1524876754364,-121.96284623,38.36714668,0.0,0.0,60.566666,31.37255,0.0,0.0,0.0,0.0,0.0,NaN,344.54,34.509804,0.0,3.5923767,1.56,0.0
1524876248474,1524876755363,-121.96284633,38.36715021,1.26,308.8,60.566666,31.37255,0.0,0.0,0.0,0.0,0.0,NaN,344.54,34.509804,0.0,3.5923767,1.56,0.0
1524876248474,1524876756363,-121.9628466,38.36715193,0.576,328.0,60.566666,31.37255,0.0,0.0,0.0,0.0,0.0,NaN,344.82,34.509804,0.0,3.5930634,1.56,0.0
1524876248474,1524876757363,-121.96284627,38.36715411,0.756,332.8,60.566666,31.37255,0.0,0.0,0.0,0.0,0.0,NaN,14.46,34.509804,0.0,3.5930634,1.56,0.0
1524876248474,1524876758364,-121.96284818,38.36716105,1.7279999,330.8,60.566666,31.37255,0.0,0.0,0.0,0.0,0.0,NaN,14.01,34.509804,0.0,3.5930634,1.56,0.0
1524876248474,1524876759363,-121.96284644,38.36716235,0.828,343.1,60.566666,31.37255,0.0,0.0,0.0,0.0,0.0,NaN,13.86,34.509804,0.0,3.5930634,1.56,0.0
1524876248474,1524876760364,-121.9628294,38.36715975,0.0,0.0,60.566666,31.37255,0.0,0.0,0.0,0.0,0.0,NaN,13.09,34.509804,0.0,3.5930634,1.56,0.0
1524876248474,1524876761363,-121.96282938,38.36715954,0.0,0.0,60.566666,31.37255,0.0,0.0,0.0,0.0,0.0,NaN,12.76,34.509804,0.0,3.5930634,1.56,0.0
1524876248474,1524876762364,-121.96282939,38.36715921,0.0,0.0,60.566666,31.37255,0.0,0.0,0.0,0.0,0.0,NaN,12.76,34.509804,0.0,3.5930634,1.56,0.0
1524876248474,1524876763363,-121.96282939,38.36715905,0.0,0.0,60.566666,31.37255,0.0,0.0,0.0,0.0,0.0,NaN,12.3,34.509804,0.0,3.5930634,1.56,0.0
1524876248474,1524876764363,-121.96282518,38.36715353,1.0439999,348.6,60.566666,31.37255,0.0,0.0,0.0,0.0,0.0,NaN,11.84,34.509804,0.0,3.5930634,1.56,0.0
1524876248474,1524876765364,-121.96281585,38.36714718,3.024,129.5,60.566666,31.37255,0.0,0.0,0.0,0.0,0.0,NaN,11.24,34.509804,0.0,3.5930634,1.56,0.0
1524876248474,1524876766363,-121.96280725,38.36714202,2.484,129.5,60.566666,31.37255,0.0,0.0,0.0,0.0,0.0,NaN,11.24,34.509804,0.0,3.5930634,1.56,0.0
1524876248474,1524876767364,-121.96279779,38.36713375,0.0,0.0,60.566666,31.37255,0.0,0.0,0.0,0.0,0.0,NaN,10.9,34.509804,0.0,3.5930634,1.56,0.0
1524876248474,1524876768363,-121.96279592,38.36713214,0.0,0.0,60.566666,31.37255,0.0,0.0,0.0,0.0,0.0,NaN,10.75,34.509804,0.0,3.5930634,1.56,0.0
1524876248474,1524876769363,-121.96278777,38.36712597,3.348,129.5,60.566666,31.37255,0.0,0.0,0.0,0.0,0.0,NaN,10.75,34.509804,0.0,3.5930634,1.56,0.0
1524876248474,1524876770365,-121.96277516,38.36711489,3.924,114.9,60.566666,31.37255,0.0,0.0,0.0,0.0,0.0,NaN,9.84,34.509804,0.0,3.5930634,1.56,0.0
1524876248474,1524876771364,-121.96276504,38.36710624,2.664,114.9,60.566666,31.37255,0.0,0.0,0.0,0.0,0.0,NaN,9.84,34.509804,0.0,3.5930634,1.56,0.0
1524876248474,1524876772363,-121.96275687,38.36709844,2.6999998,115.1,60.566666,31.37255,0.0,0.0,0.0,0.0,0.0,NaN,9.84,34.509804,0.0,3.5930634,1.56,0.0
1524876248474,1524876773364,-121.96274655,38.36709172,3.312,121.3,60.566666,31.37255,0.0,0.0,0.0,0.0,0.0,NaN,9.84,34.509804,0.0,3.5930634,1.56,0.0
1524876248474,1524876774364,-121.96273606,38.36708486,3.312,121.3,60.566666,31.37255,0.0,0.0,0.0,0.0,0.0,NaN,9.84,34.509804,0.0,3.5930634,1.56,0.0
1524876248474,1524876775363,-121.96272397,38.3670794,3.3839998,117.8,60.566666,31.37255,0.0,0.0,0.0,0.0,0.0,NaN,9.84,34.509804,0.0,3.5930634,1.56,0.0
1524876248474,1524876776364,-121.9627102,38.36707531,3.564,112.8,60.566666,31.37255,0.0,0.0,0.0,0.0,0.0,NaN,8.9,34.509804,0.0,3.5930634,1.56,0.0
1524876248474,1524876777364,-121.96269832,38.3670734,3.348,110.6,60.566666,31.37255,0.0,0.0,0.0,0.0,0.0,NaN,8.9,34.509804,0.0,3.5930634,1.56,0.0
1524876248474,1524876778364,-121.9626892,38.36707053,2.5559998,122.0,60.566666,31.37255,0.0,0.0,0.0,0.0,0.0,NaN,8.9,34.509804,0.0,3.5930634,1.56,0.0
1524876248474,1524876779364,-121.96268144,38.36706712,2.304,141.2,60.566666,31.37255,0.0,0.0,0.0,0.0,0.0,NaN,8.9,34.509804,0.0,3.5930634,1.56,0.0
1524876248474,1524876780363,-121.96267445,38.36706213,3.2039998,130.5,60.566666,31.37255,0.0,0.0,0.0,0.0,0.0,NaN,8.9,34.509804,0.0,3.5930634,1.56,0.0
1524876248474,1524876781364,-121.96266545,38.36705664,3.2039998,131.0,60.566666,31.37255,0.0,0.0,0.0,0.0,0.0,NaN,8.9,34.509804,0.0,3.5930634,1.56,0.0
